tradeDate,filedDate,ticker,company,sector,side,amountMin,amountMax,description,matchRatio,rowNumber,sourceFile
2026-04-17,2026-07-01,ABT,Abbott Laboratories,Healthcare,BUY,250001,500000,ABBOTT LABS INC COM,0.897,1,Donald-J-Trump-06.25.2026-278T.pdf
2026-04-17,2026-07-01,ADBE,Adobe,Technology,SELL,1000001,5000000,ADOBE INC,1.0,2,Donald-J-Trump-06.25.2026-278T.pdf
2026-04-17,2026-07-01,A,"Agilent Technologies, Inc.",Healthcare,SELL,100001,250000,AGILENT TECHNOLOGIES INC,1.0,3,Donald-J-Trump-06.25.2026-278T.pdf
2026-04-17,2026-07-01,ARE,"Alexandria Real Estate Equities, Inc.",Real Estate,SELL,100001,250000,ALEXANDRIA REAL ESTATE EQUITIES INC,1.0,4,Donald-J-Trump-06.25.2026-278T.pdf
2026-04-17,2026-07-01,ALL,Allstate,Financials,BUY,50001,100000,ALLSTATE CORP COM,0.889,5,Donald-J-Trump-06.25.2026-278T.pdf
2026-04-17,2026-07-01,GOOGL,Alphabet (Class A),Communication Services,SELL,100001,250000,ALPHABET INC CAP STK Cl A,0.919,7,Donald-J-Trump-06.25.2026-278T.pdf
2026-04-17,2026-07-01,MO,Altria,Consumer Staples,BUY,1000001,5000000,ALTRIA GROUP INC,1.0,8,Donald-J-Trump-06.25.2026-278T.pdf
2026-04-17,2026-07-01,AZO,AutoZone,Consumer Discretionary,BUY,250001,500000,AUTOZONE INC,1.0,10,Donald-J-Trump-06.25.2026-278T.pdf
2026-04-17,2026-07-01,WRB,W. R. Berkley,Financials,BUY,250001,500000,BERKLEY WR CORP,1.0,11,Donald-J-Trump-06.25.2026-278T.pdf
2026-04-17,2026-07-01,BRK.B,Berkshire Hathaway,Financials,SELL,1000001,5000000,BERKSHIRE HATHAWAY INCCL B,0.93,12,Donald-J-Trump-06.25.2026-278T.pdf
2026-04-17,2026-07-01,BSX,Boston Scientific,Healthcare,SELL,500001,1000000,BOSTON SCIENTIFIC CORP COM,0.93,13,Donald-J-Trump-06.25.2026-278T.pdf
2026-04-17,2026-07-01,BR,Broadridge Financial Solutions,Industrials,SELL,15001,50000,BROADRIDGE FINL SOLUTIONS INC,1.0,14,Donald-J-Trump-06.25.2026-278T.pdf
2026-04-17,2026-07-01,BRO,Brown & Brown,Financials,BUY,250001,500000,BROWN & BROWN INC,1.0,15,Donald-J-Trump-06.25.2026-278T.pdf
2026-04-17,2026-07-01,CLX,The Clorox Company,Consumer Staples,SELL,100001,250000,CLOROX COMPANY,1.0,16,Donald-J-Trump-06.25.2026-278T.pdf
2026-04-17,2026-07-01,CL,Colgate-Palmolive Company,Consumer Staples,BUY,250001,500000,COLGATE-PALMOLIVE COM,0.973,17,Donald-J-Trump-06.25.2026-278T.pdf
2026-04-17,2026-07-01,CEG,Constellation Energy,Utilities,BUY,100001,250000,CONSTELLATION ENERGY CORP COM,0.939,18,Donald-J-Trump-06.25.2026-278T.pdf
2026-04-17,2026-07-01,CSGP,CoStar Group,Real Estate,BUY,100001,250000,COSTAR GROUP INC,1.0,19,Donald-J-Trump-06.25.2026-278T.pdf
2026-04-17,2026-07-01,ECL,Ecolab,Materials,SELL,250001,500000,ECOLAB INC,1.0,21,Donald-J-Trump-06.25.2026-278T.pdf
2026-04-17,2026-07-01,FIS,Fidelity National Info,Technology,BUY,15001,50000,FIDELITY NATL INFORMATION SVCS INC,1.0,23,Donald-J-Trump-06.25.2026-278T.pdf
2026-04-17,2026-07-01,FISV,Fiserv,Financials,BUY,500001,1000000,FISERV INC,1.0,24,Donald-J-Trump-06.25.2026-278T.pdf
2026-04-17,2026-07-01,GEHC,GE HealthCare Technologies Inc.,Healthcare,SELL,100001,250000,GE HEALTHCARE TECHNOLOGIES INC,1.0,26,Donald-J-Trump-06.25.2026-278T.pdf
2026-04-17,2026-07-01,GPN,Global Payments,Technology,BUY,50001,100000,GLOBAL PMTS INC,1.0,27,Donald-J-Trump-06.25.2026-278T.pdf
2026-04-17,2026-07-01,JKHY,Jack Henry & Associates,Technology,BUY,50001,100000,HENRY JACK & ASSOC INC COM,0.919,29,Donald-J-Trump-06.25.2026-278T.pdf
2026-04-17,2026-07-01,HD,Home Depot,Consumer Discretionary,SELL,1000001,5000000,HOME DEPOT INC COM,0.889,30,Donald-J-Trump-06.25.2026-278T.pdf
2026-04-17,2026-07-01,ICE,Intercontinental Exch,Financials,BUY,50001,100000,INTERCONTINENTALEXCHANGE INC,1.0,31,Donald-J-Trump-06.25.2026-278T.pdf
2026-04-17,2026-07-01,KVUE,Kenvue Inc.,Consumer Staples,BUY,50001,100000,KENVUE INC COM,0.857,32,Donald-J-Trump-06.25.2026-278T.pdf
2026-04-17,2026-07-01,EL,The Estée Lauder Companies Inc.,Consumer Staples,SELL,50001,100000,LAUDER ESTEE COS INC Cl A,0.919,33,Donald-J-Trump-06.25.2026-278T.pdf
2026-04-17,2026-07-01,LII,Lennox International,Industrials,SELL,1000001,5000000,LENNOX INTL INC,1.0,34,Donald-J-Trump-06.25.2026-278T.pdf
2026-04-17,2026-07-01,LULU,Lululemon Athletica,Consumer Discretionary,BUY,15001,50000,LULULEMON ATHLETICA INC,1.0,36,Donald-J-Trump-06.25.2026-278T.pdf
2026-04-17,2026-07-01,MLM,"Martin Marietta Materials, Inc.",Materials,SELL,100001,250000,MARTIN MARIETTA MATLS INC,1.0,39,Donald-J-Trump-06.25.2026-278T.pdf
2026-04-17,2026-07-01,MA,Mastercard,Financials,SELL,1000001,5000000,MASTERCARD INCORPORATED,1.0,40,Donald-J-Trump-06.25.2026-278T.pdf
2026-04-17,2026-07-01,MSFT,Microsoft,Technology,BUY,5000001,5000001,MICROSOFT CORP COM,0.897,43,Donald-J-Trump-06.25.2026-278T.pdf
2026-04-17,2026-07-01,MAA,Mid-America Apartment Communities,Real Estate,BUY,1000,500001,"MID-AMER APT CMNTYS INC n,",0.974,44,Donald-J-Trump-06.25.2026-278T.pdf
2026-04-17,2026-07-01,ORLY,O'Reilly Automotive,Consumer Discretionary,BUY,500001,1000000,0 REILLY AUTOMOTIVE INC,0.95,49,Donald-J-Trump-06.25.2026-278T.pdf
2026-04-17,2026-07-01,OTIS,Otis Worldwide Corporation,Industrials,SELL,100001,250000,OTIS WORLDWIDE CORP,1.0,50,Donald-J-Trump-06.25.2026-278T.pdf
2026-04-17,2026-07-01,PLTR,Palantir,Technology,BUY,1000001,5000000,PALANTIR TECHNOLOGIES INC Cl A,0.939,51,Donald-J-Trump-06.25.2026-278T.pdf
2026-04-17,2026-07-01,PAYX,Paychex,Industrials,SELL,500001,1000000,PAYCHEX INC COM,0.87,52,Donald-J-Trump-06.25.2026-278T.pdf
2026-04-17,2026-07-01,RSG,Republic Services,Industrials,SELL,500001,1000000,REPUBLIC SVCS INC,1.0,53,Donald-J-Trump-06.25.2026-278T.pdf
2026-04-17,2026-07-01,SYK,Stryker,Healthcare,SELL,500001,1000000,STRYKER CORP COM,0.903,56,Donald-J-Trump-06.25.2026-278T.pdf
2026-04-17,2026-07-01,SMCI,Super Micro Computer,Technology,SELL,250001,500000,SUPER MICRO COMPUTER INC COM NEW,0.941,57,Donald-J-Trump-06.25.2026-278T.pdf
2026-04-17,2026-07-01,SNPS,Synopsys,Technology,SELL,1000001,5000000,SYNOPSYS INC COM,0.88,58,Donald-J-Trump-06.25.2026-278T.pdf
2026-04-17,2026-07-01,TSCO,Tractor Supply,Consumer Discretionary,SELL,100001,250000,TRACTOR SUPPLY CO,1.0,60,Donald-J-Trump-06.25.2026-278T.pdf
2026-04-17,2026-07-01,TDG,TransDigm,Industrials,SELL,1000001,5000000,TRANSDIGM GROUP INC,1.0,61,Donald-J-Trump-06.25.2026-278T.pdf
2026-04-17,2026-07-01,TRMB,Trimble,Technology,BUY,15001,50000,TRIMBLE NAV LTD,1.0,62,Donald-J-Trump-06.25.2026-278T.pdf
2026-04-17,2026-07-01,TSN,"Tyson Foods, Inc.",Consumer Staples,BUY,500001,1000000,TYSON FOODS INC N,0.963,63,Donald-J-Trump-06.25.2026-278T.pdf
2026-04-17,2026-07-01,UBER,Uber,Industrials,SELL,100001,250000,UBER TECHNOLOGIES INC COM,0.927,64,Donald-J-Trump-06.25.2026-278T.pdf
2026-04-17,2026-07-01,UAL,"United Airlines Holdings, Inc.",Industrials,SELL,100001,250000,UNITED AIRLINES HOLDINGS INC.,1.0,65,Donald-J-Trump-06.25.2026-278T.pdf
2026-04-17,2026-07-01,UDR,UDR,Real Estate,SELL,100001,250000,UNITED DOMINION REALTY TRUST INC,1.0,66,Donald-J-Trump-06.25.2026-278T.pdf
2026-04-17,2026-07-01,VRTX,Vertex Pharmaceuticals Incorporated,Healthcare,BUY,500001,1000000,VERTEX PHARMACEUTICALS INC,1.0,69,Donald-J-Trump-06.25.2026-278T.pdf
2026-04-17,2026-07-01,VICI,VICI Properties Inc.,Real Estate,BUY,100001,250000,VICI P~rties Inc.,0.867,70,Donald-J-Trump-06.25.2026-278T.pdf
2026-04-28,2026-07-01,ABT,Abbott Laboratories,Healthcare,BUY,1001,15000,ABBOTT LABS,1.0,78,Donald-J-Trump-06.25.2026-278T.pdf
2026-04-20,2026-07-01,ABT,Abbott Laboratories,Healthcare,SELL,100001,250000,ABBOTT LABS,1.0,80,Donald-J-Trump-06.25.2026-278T.pdf
2026-04-27,2026-07-01,ABBV,AbbVie,Healthcare,SELL,100001,250000,ABBVIEINC,1.0,83,Donald-J-Trump-06.25.2026-278T.pdf
2026-04-27,2026-07-01,ACN,Accenture,Technology,SELL,250001,500000,ACCENTURE PLC IRELAND,1.0,86,Donald-J-Trump-06.25.2026-278T.pdf
2026-04-17,2026-07-01,ADBE,Adobe,Technology,BUY,1001,15000,ADOBE INC,1.0,93,Donald-J-Trump-06.25.2026-278T.pdf
2026-04-27,2026-07-01,AFL,Aflac Incorporated,Financials,BUY,15001,50000,AFLAC INC,1.0,105,Donald-J-Trump-06.25.2026-278T.pdf
2026-04-30,2026-07-01,AGYS,"Agilysys, Inc.",Technology,SELL,15001,50000,AGILYSYS INC,1.0,108,Donald-J-Trump-06.25.2026-278T.pdf
2026-04-10,2026-07-01,APD,Air Products & Chemicals,Materials,SELL,15001,50000,AIR PRODUCTS & CHEMICALS INC,1.0,111,Donald-J-Trump-06.25.2026-278T.pdf
2026-04-30,2026-07-01,ALG,Alamo Group Inc.,Industrials,BUY,15001,50000,ALAMO GROUP INC,1.0,115,Donald-J-Trump-06.25.2026-278T.pdf
2026-04-30,2026-07-01,ALRM,"Alarm.com Holdings, Inc.",Technology,BUY,15001,50000,ALARM COM HLDGS INC,1.0,116,Donald-J-Trump-06.25.2026-278T.pdf
2026-04-20,2026-07-01,ARE,"Alexandria Real Estate Equities, Inc.",Real Estate,SELL,1001,15000,ALEXANDRIA REAL ESTATE E REIT,0.913,120,Donald-J-Trump-06.25.2026-278T.pdf
2026-04-15,2026-07-01,LNT,Alliant Energy Corporation,Utilities,BUY,1001,15000,ALLIANT ENERGY CORP,1.0,123,Donald-J-Trump-06.25.2026-278T.pdf
2026-04-07,2026-07-01,ALNY,"Alnylam Pharmaceuticals, Inc.",Healthcare,BUY,1001,15000,ALNYLAM PHARMACEUTICALS INC,1.0,128,Donald-J-Trump-06.25.2026-278T.pdf
2026-04-10,2026-07-01,GOOGL,Alphabet (Class A),Communication Services,SELL,1001,15000,ALPHABET INC,1.0,129,Donald-J-Trump-06.25.2026-278T.pdf
2026-04-10,2026-07-01,GOOGL,Alphabet (Class A),Communication Services,SELL,15001,50000,ALPHABET INC,1.0,130,Donald-J-Trump-06.25.2026-278T.pdf
2026-04-27,2026-07-01,GOOGL,Alphabet (Class A),Communication Services,BUY,100001,250000,Alohabot Inc Cl A,0.857,134,Donald-J-Trump-06.25.2026-278T.pdf
2026-04-15,2026-07-01,GOOG,Alphabet (Class C),Communication Services,BUY,50001,100000,ALPHABET INC CL C,1.0,135,Donald-J-Trump-06.25.2026-278T.pdf
2026-04-27,2026-07-01,MO,Altria,Consumer Staples,BUY,50001,100000,ALTRIA GROUP INC,1.0,137,Donald-J-Trump-06.25.2026-278T.pdf
2026-04-27,2026-07-01,MO,Altria,Consumer Staples,SELL,1001,15000,ALTRIA GROUP INC,1.0,138,Donald-J-Trump-06.25.2026-278T.pdf
2026-04-17,2026-07-01,AMZN,Amazon,Consumer Discretionary,BUY,5000001,25000000,AMAZON COM INC,1.0,139,Donald-J-Trump-06.25.2026-278T.pdf
2026-04-27,2026-07-01,AMZN,Amazon,Consumer Discretionary,BUY,250001,500000,Amazon Com Inc,1.0,140,Donald-J-Trump-06.25.2026-278T.pdf
2026-04-17,2026-07-01,AMZN,Amazon,Consumer Discretionary,BUY,250001,500000,Amazon Com Inc,1.0,141,Donald-J-Trump-06.25.2026-278T.pdf
2026-04-15,2026-07-01,AMZN,Amazon,Consumer Discretionary,BUY,100001,250000,AMAZON.COM INC,1.0,142,Donald-J-Trump-06.25.2026-278T.pdf
2026-04-28,2026-07-01,AMZN,Amazon,Consumer Discretionary,BUY,1001,15000,AMAZON.COM INC,1.0,143,Donald-J-Trump-06.25.2026-278T.pdf
2026-04-27,2026-07-01,AMZN,Amazon,Consumer Discretionary,SELL,1001,15000,AMAZON.COM INC,1.0,144,Donald-J-Trump-06.25.2026-278T.pdf
2026-04-20,2026-07-01,AMCR,Amcor plc,Consumer Discretionary,SELL,15001,50000,AMCORPLCF,0.941,150,Donald-J-Trump-06.25.2026-278T.pdf
2026-04-17,2026-07-01,AMT,American Tower,Real Estate,SELL,1001,15000,AMERICAN TOWER CORP NEW REIT,0.829,159,Donald-J-Trump-06.25.2026-278T.pdf
2026-04-27,2026-07-01,AWK,American Water Works,Utilities,SELL,15001,50000,AMERICAN WTR WKS CO INC,1.0,161,Donald-J-Trump-06.25.2026-278T.pdf
2026-04-30,2026-07-01,AMSF,"AMERISAFE, Inc.",Financials,BUY,15001,50000,AMERISAFE INC,1.0,162,Donald-J-Trump-06.25.2026-278T.pdf
2026-04-15,2026-07-01,AMGN,Amgen,Healthcare,BUY,1001,15000,AMGEN INC,1.0,163,Donald-J-Trump-06.25.2026-278T.pdf
2026-04-15,2026-07-01,AMGN,Amgen,Healthcare,BUY,1001,15000,AMGEN INC,1.0,164,Donald-J-Trump-06.25.2026-278T.pdf
2026-04-27,2026-07-01,AMGN,Amgen,Healthcare,SELL,15001,50000,AMGEN INC,1.0,165,Donald-J-Trump-06.25.2026-278T.pdf
2026-04-27,2026-07-01,ADI,Analog Devices,Technology,SELL,100001,250000,ANALOG DEVICES INC,1.0,170,Donald-J-Trump-06.25.2026-278T.pdf
2026-04-27,2026-07-01,AON,Aon,Financials,SELL,1001,15000,AON PLC,1.0,174,Donald-J-Trump-06.25.2026-278T.pdf
2026-04-28,2026-07-01,ATR,"AptarGroup, Inc.",Healthcare,SELL,1001,15000,APTARGROUP INC,1.0,190,Donald-J-Trump-06.25.2026-278T.pdf
2026-04-28,2026-07-01,ACHR,Archer Aviation Inc.,Industrials,BUY,1001,15000,ARCHER AVIATION INC CLASS A N,0.829,192,Donald-J-Trump-06.25.2026-278T.pdf
2026-04-30,2026-07-01,ACA,"Arcosa, Inc.",Industrials,BUY,15001,50000,ARCOSAINC,1.0,194,Donald-J-Trump-06.25.2026-278T.pdf
2026-04-27,2026-07-01,ANET,Arista Networks,Technology,BUY,15001,50000,Arista Networks Inc Com New,0.93,200,Donald-J-Trump-06.25.2026-278T.pdf
2026-04-30,2026-07-01,AWI,Armstrong World Industries,Industrials,SELL,15001,50000,ARMSTRONG WORLD INDS INC,1.0,201,Donald-J-Trump-06.25.2026-278T.pdf
2026-04-30,2026-07-01,ABG,"Asbury Automotive Group, Inc.",Consumer Discretionary,SELL,100001,250000,ASBURY AUTOMOTIVE GROUP,1.0,203,Donald-J-Trump-06.25.2026-278T.pdf
2026-04-15,2026-07-01,ASTS,"AST SpaceMobile, Inc.",Technology,BUY,1001,15000,AST SPACEMOBILE INC CL A,0.919,205,Donald-J-Trump-06.25.2026-278T.pdf
2026-04-07,2026-07-01,ASTS,"AST SpaceMobile, Inc.",Technology,BUY,1001,15000,AST SPACEMOBILE INC CL A,0.919,206,Donald-J-Trump-06.25.2026-278T.pdf
2026-04-10,2026-07-01,ADSK,Autodesk,Technology,SELL,50001,100000,AUTODESK INC,1.0,222,Donald-J-Trump-06.25.2026-278T.pdf
2026-04-10,2026-07-01,ADP,Automatic Data Processing,Industrials,SELL,100001,250000,AUTOMATIC DATA PROCESSING INC,0.939,226,Donald-J-Trump-06.25.2026-278T.pdf
2026-04-17,2026-07-01,AVB,AvalonBay Communities,Real Estate,SELL,250001,500000,AVALONBAY CMNTYS INC COM,0.923,230,Donald-J-Trump-06.25.2026-278T.pdf
2026-04-28,2026-07-01,AVY,Avery Dennison Corporation,Consumer Discretionary,SELL,1001,15000,AVERY DENNISON CORP,1.0,232,Donald-J-Trump-06.25.2026-278T.pdf
2026-04-27,2026-07-01,AXON,Axon Enterprise,Industrials,BUY,15001,50000,AXON ENTERPRISE INC,1.0,234,Donald-J-Trump-06.25.2026-278T.pdf
2026-04-17,2026-07-01,AXON,Axon Enterprise,Industrials,SELL,1001,15000,AXON E.NlcRPRISE INC,0.882,235,Donald-J-Trump-06.25.2026-278T.pdf
2026-04-28,2026-07-01,AXON,Axon Enterprise,Industrials,SELL,1001,15000,AXON E.NlcRPRlSE INC,0.824,236,Donald-J-Trump-06.25.2026-278T.pdf
2026-04-17,2026-07-01,AXON,Axon Enterprise,Industrials,SELL,1000001,1000001,AXON ENTERPRISE INC COM,0.919,237,Donald-J-Trump-06.25.2026-278T.pdf
2026-04-27,2026-07-01,BAC,Bank of America Corporation,Financials,SELL,100001,250000,BANK OF AMERICA CORP,1.0,245,Donald-J-Trump-06.25.2026-278T.pdf
2026-04-17,2026-07-01,BAX,Baxter International Inc.,Healthcare,BUY,50001,100000,BAXTER INTERNATIONAL INC,1.0,246,Donald-J-Trump-06.25.2026-278T.pdf
2026-04-17,2026-07-01,WRB,W. R. Berkley,Financials,BUY,1001,15000,BERKLEY WR CORP N,0.963,250,Donald-J-Trump-06.25.2026-278T.pdf
2026-04-17,2026-07-01,BRK.B,Berkshire Hathaway,Financials,BUY,1001,15000,BERKSHIRE HATHAWAY ClASS B N,0.829,251,Donald-J-Trump-06.25.2026-278T.pdf
2026-04-28,2026-07-01,BRK.B,Berkshire Hathaway,Financials,SELL,1001,15000,BERKSHIRE HATHAWAY CLASS B,0.85,252,Donald-J-Trump-06.25.2026-278T.pdf
2026-04-10,2026-07-01,BBY,"Best Buy Co., Inc.",Consumer Discretionary,SELL,50001,100000,BEST BUY COMPANY INC,1.0,257,Donald-J-Trump-06.25.2026-278T.pdf
2026-04-28,2026-07-01,BBY,"Best Buy Co., Inc.",Consumer Discretionary,SELL,1001,15000,BEST BUY INC,1.0,256,Donald-J-Trump-06.25.2026-278T.pdf
2026-04-15,2026-07-01,BX,Blackstone,Financials,BUY,100,50001,BLACKSTONE INC,1.0,264,Donald-J-Trump-06.25.2026-278T.pdf
2026-04-10,2026-07-01,BX,Blackstone,Financials,SELL,15001,50000,BlACKSTONEINC,1.0,265,Donald-J-Trump-06.25.2026-278T.pdf
2026-04-20,2026-07-01,BX,Blackstone,Financials,SELL,15001,50000,BLACKSTONE INC,1.0,266,Donald-J-Trump-06.25.2026-278T.pdf
2026-04-15,2026-07-01,BXSL,Blackstone Secured Lending Fund,Financials,BUY,50001,100000,BLACKSTONE SECURED LENDING FUND,1.0,270,Donald-J-Trump-06.25.2026-278T.pdf
2026-04-15,2026-07-01,OWL,Blue Owl Capital Inc.,Financials,BUY,50001,100000,BLUE OWL CAPITAL INC CL A,0.919,275,Donald-J-Trump-06.25.2026-278T.pdf
2026-04-28,2026-07-01,BA,Boeing,Industrials,BUY,1001,15000,BOEING CO,1.0,278,Donald-J-Trump-06.25.2026-278T.pdf
2026-04-10,2026-07-01,BA,Boeing,Industrials,BUY,100,50001,BOEING CO A,0.941,279,Donald-J-Trump-06.25.2026-278T.pdf
2026-04-17,2026-07-01,BKNG,Booking Holdings,Consumer Discretionary,BUY,100001,250000,BOOKING HLDGS INC,1.0,282,Donald-J-Trump-06.25.2026-278T.pdf
2026-04-17,2026-07-01,BKNG,Booking Holdings,Consumer Discretionary,BUY,1001,15000,BOOKING HLDGS INC,1.0,263,Donald-J-Trump-06.25.2026-278T.pdf
2026-04-10,2026-07-01,BKNG,Booking Holdings,Consumer Discretionary,BUY,100001,250000,BOOKING HOLDINGS INC,1.0,266,Donald-J-Trump-06.25.2026-278T.pdf
2026-04-17,2026-07-01,BSX,Boston Scientific,Healthcare,SELL,1001,15000,BOSTON SCIENTIFIC CORP,1.0,288,Donald-J-Trump-06.25.2026-278T.pdf
2026-04-20,2026-07-01,BSX,Boston Scientific,Healthcare,SELL,100001,250000,BOSTON SCIENTIFIC CORP,1.0,290,Donald-J-Trump-06.25.2026-278T.pdf
2026-04-20,2026-07-01,BMY,Bristol Myers Squibb,Healthcare,SELL,15001,50000,BRISTOL MYERS SQUIBB CO,1.0,296,Donald-J-Trump-06.25.2026-278T.pdf
2026-04-15,2026-07-01,AVGO,Broadcom,Technology,BUY,50001,100000,BROADCOMINC,1.0,299,Donald-J-Trump-06.25.2026-278T.pdf
2026-04-10,2026-07-01,CDNS,Cadence Design,Technology,BUY,100001,250000,CADENCE DESIGN SYSTEMS INC,1.0,316,Donald-J-Trump-06.25.2026-278T.pdf
2026-04-13,2026-07-01,CPRX,"Catalyst Pharmaceuticals, Inc.",Healthcare,BUY,15001,50000,CATALYST PHARMACEUTICALS,1.0,330,Donald-J-Trump-06.25.2026-278T.pdf
2026-04-30,2026-07-01,CERT,"Certara, Inc.",Healthcare,SELL,1001,15000,CERTARAINC,1.0,342,Donald-J-Trump-06.25.2026-278T.pdf
2026-04-27,2026-07-01,CRL,"Charles River Laboratories International, Inc.",Healthcare,SELL,15001,50000,CHARLES RIVER LABORATORIES,1.0,344,Donald-J-Trump-06.25.2026-278T.pdf
2026-04-30,2026-07-01,CPK,Chesapeake Utilities,Utilities,SELL,1001,15000,CHESAPEAKE UTILS CORP,1.0,348,Donald-J-Trump-06.25.2026-278T.pdf
2026-04-15,2026-07-01,CVX,Chevron,Energy,BUY,15001,50000,CHEVRON CORP '~,1.0,349,Donald-J-Trump-06.25.2026-278T.pdf
2026-04-17,2026-07-01,CVX,Chevron,Energy,BUY,1001,15000,CHEVRON CORP NEW,0.88,350,Donald-J-Trump-06.25.2026-278T.pdf
2026-04-10,2026-07-01,CVX,Chevron,Energy,SELL,50001,100000,CHEVRON CORPORATION,1.0,351,Donald-J-Trump-06.25.2026-278T.pdf
2026-04-10,2026-07-01,CHD,Church & Dwight,Consumer Staples,BUY,15001,50000,CHURCH & DWIGHT CO INC,0.938,356,Donald-J-Trump-06.25.2026-278T.pdf
2026-04-27,2026-07-01,CTAS,Cintas Corporation,Industrials,BUY,50001,100000,CINTAS CORP ..,1.0,365,Donald-J-Trump-06.25.2026-278T.pdf
2026-04-28,2026-07-01,CTAS,Cintas Corporation,Industrials,SELL,1001,15000,CINTAS CORP,1.0,366,Donald-J-Trump-06.25.2026-278T.pdf
2026-04-17,2026-07-01,CTAS,Cintas Corporation,Industrials,SELL,1001,15000,CINTAS CORP,1.0,367,Donald-J-Trump-06.25.2026-278T.pdf
2026-04-20,2026-07-01,CTAS,Cintas Corporation,Industrials,SELL,15001,50000,CINTAS CORP,1.0,368,Donald-J-Trump-06.25.2026-278T.pdf
2026-04-15,2026-07-01,CSCO,Cisco Systems,Technology,BUY,15001,50000,CISCO SYSTEMS INC,1.0,370,Donald-J-Trump-06.25.2026-278T.pdf
2026-04-10,2026-07-01,CSCO,Cisco Systems,Technology,SELL,1001,15000,CISCO SYSTEMS INC,1.0,371,Donald-J-Trump-06.25.2026-278T.pdf
2026-04-20,2026-07-01,CLX,The Clorox Company,Consumer Staples,SELL,50001,100000,CLOROX CO,1.0,375,Donald-J-Trump-06.25.2026-278T.pdf
2026-04-10,2026-07-01,CLX,The Clorox Company,Consumer Staples,BUY,15001,50000,CLOROX CO N,0.941,376,Donald-J-Trump-06.25.2026-278T.pdf
2026-04-27,2026-07-01,CLX,The Clorox Company,Consumer Staples,SELL,15001,50000,CLOROX CO,1.0,377,Donald-J-Trump-06.25.2026-278T.pdf
2026-04-27,2026-07-01,CME,CME Group,Financials,BUY,100001,250000,CME GROUP INC,1.0,380,Donald-J-Trump-06.25.2026-278T.pdf
2026-04-15,2026-07-01,CMS,CMS Energy Corporation,Utilities,BUY,1001,15000,CMS ENERGY CORP,1.0,383,Donald-J-Trump-06.25.2026-278T.pdf
2026-04-10,2026-07-01,CMS,CMS Energy Corporation,Utilities,SELL,1001,15000,CMS ENERGY CORP,1.0,384,Donald-J-Trump-06.25.2026-278T.pdf
2026-04-27,2026-07-01,CMS,CMS Energy Corporation,Utilities,SELL,15001,50000,CMS ENERGY CORP,1.0,385,Donald-J-Trump-06.25.2026-278T.pdf
2026-04-27,2026-07-01,KO,Coca-Cola,Consumer Staples,BUY,100001,250000,COCA COLA CO COM ..,0.87,386,Donald-J-Trump-06.25.2026-278T.pdf
2026-04-27,2026-07-01,KO,Coca-Cola,Consumer Staples,SELL,1001,15000,COCA COLA COMPANY ITHEI,0.857,387,Donald-J-Trump-06.25.2026-278T.pdf
2026-04-17,2026-07-01,CTSH,Cognizant Technology,Technology,SELL,1001,15000,COGNIZANT TECHNOLOGY SOL CLASS Cl.ASS A,0.918,390,Donald-J-Trump-06.25.2026-278T.pdf
2026-04-27,2026-07-01,CTSH,Cognizant Technology,Technology,SELL,100001,250000,COGNIZANT TECHNOLOGY SOLUTIONS CORP,1.0,392,Donald-J-Trump-06.25.2026-278T.pdf
2026-04-15,2026-07-01,CTSH,Cognizant Technology,Technology,BUY,15001,50000,COGNIZANT TECHNOLOGY SOLUTIONS CORP CL A,0.955,393,Donald-J-Trump-06.25.2026-278T.pdf
2026-04-20,2026-07-01,COHR,Coherent Corp.,Technology,SELL,15001,50000,COHERENT CORP,1.0,396,Donald-J-Trump-06.25.2026-278T.pdf
2026-04-17,2026-07-01,COIN,Coinbase,Financials,SELL,1001,15000,COINBASE GLOBAL INC,1.0,398,Donald-J-Trump-06.25.2026-278T.pdf
2026-04-17,2026-07-01,CL,Colgate-Palmolive Company,Consumer Staples,BUY,1001,15000,COLGATE PALMOLIVE CO,1.0,400,Donald-J-Trump-06.25.2026-278T.pdf
2026-04-10,2026-07-01,CL,Colgate-Palmolive Company,Consumer Staples,SELL,1001,15000,COLGATE PALMOLIVE COMPANY,1.0,403,Donald-J-Trump-06.25.2026-278T.pdf
2026-04-30,2026-07-01,CNMD,CONMED Corporation,Healthcare,SELL,15001,50000,CONMEDCORP,1.0,411,Donald-J-Trump-06.25.2026-278T.pdf
2026-04-15,2026-07-01,COP,ConocoPhillips,Energy,BUY,15001,50000,CONOCOPHILLIPS,1.0,412,Donald-J-Trump-06.25.2026-278T.pdf
2026-04-10,2026-07-01,COP,ConocoPhillips,Energy,SELL,1001,15000,CONOCOPHILLIPS,1.0,413,Donald-J-Trump-06.25.2026-278T.pdf
2026-04-15,2026-07-01,ED,Consolidated Edison,Utilities,BUY,15001,50000,CONSOLIDATED EDISON INC,1.0,414,Donald-J-Trump-06.25.2026-278T.pdf
2026-04-17,2026-07-01,ED,Consolidated Edison,Utilities,BUY,1001,15000,CONSOLIDATED EDISON INC,1.0,415,Donald-J-Trump-06.25.2026-278T.pdf
2026-04-10,2026-07-01,STZ,Constellation Brands,Consumer Staples,BUY,15001,50000,CONSTELLATION BRANDS INC,1.0,416,Donald-J-Trump-06.25.2026-278T.pdf
2026-04-10,2026-07-01,CEG,Constellation Energy,Utilities,BUY,15001,50000,CONSTELLATION ENERGY CORPORATION,0.868,421,Donald-J-Trump-06.25.2026-278T.pdf
2026-04-10,2026-07-01,COO,Cooper Companies,Healthcare,SELL,1001,15000,COOPER COMPANIES INC,1.0,422,Donald-J-Trump-06.25.2026-278T.pdf
2026-04-28,2026-07-01,COO,Cooper Companies,Healthcare,SELL,1001,15000,COOPER COS INC,1.0,423,Donald-J-Trump-06.25.2026-278T.pdf
2026-04-13,2026-07-01,CXW,"CoreCivic, Inc.",Industrials,BUY,15001,50000,CORECIVIC INC,1.0,430,Donald-J-Trump-06.25.2026-278T.pdf
2026-04-07,2026-07-01,CRWV,"CoreWeave, Inc.",Technology,SELL,1001,15000,COREWEAVE INC Cl A,0.889,431,Donald-J-Trump-06.25.2026-278T.pdf
2026-04-17,2026-07-01,CSGP,CoStar Group,Real Estate,SELL,1001,15000,COSTAR GROUP INC,1.0,433,Donald-J-Trump-06.25.2026-278T.pdf
2026-04-20,2026-07-01,CSGP,CoStar Group,Real Estate,SELL,50001,100000,COSTAR GROUP INC,1.0,434,Donald-J-Trump-06.25.2026-278T.pdf
2026-04-15,2026-07-01,COST,Costco,Consumer Staples,BUY,15001,50000,COSTCO WHOLESALE CORP,1.0,435,Donald-J-Trump-06.25.2026-278T.pdf
2026-04-10,2026-07-01,COST,Costco,Consumer Staples,SELL,1001,15000,COSTCO WHOLESALE CORP,1.0,436,Donald-J-Trump-06.25.2026-278T.pdf
2026-04-17,2026-07-01,CTRA,Coterra Energy,Energy,SELL,1001,15000,COTERRAENERGYINC,1.0,438,Donald-J-Trump-06.25.2026-278T.pdf
2026-04-07,2026-07-01,CRDO,Credo Technology Group Holding Ltd,Technology,SELL,1001,15000,CREDO TECHNOLOGY GROUP HOLDING LTD,1.0,441,Donald-J-Trump-06.25.2026-278T.pdf
2026-04-27,2026-07-01,CRH,CRH,Materials,SELL,1001,15000,CRH PUBLIC LIMITED COMPANY,0.878,443,Donald-J-Trump-06.25.2026-278T.pdf
2026-04-27,2026-07-01,CRWD,CrowdStrike,Technology,SELL,50001,100000,CROWDSTRIKE HLDGS INC Cl A,0.927,444,Donald-J-Trump-06.25.2026-278T.pdf
2026-04-07,2026-07-01,CRWD,CrowdStrike,Technology,SELL,1001,15000,CROWDSTRJKE HOLDINGS INC CL A,0.894,445,Donald-J-Trump-06.25.2026-278T.pdf
2026-04-27,2026-07-01,CCI,Crown Castle,Real Estate,BUY,15001,50000,CROWN CASTLE INC,1.0,446,Donald-J-Trump-06.25.2026-278T.pdf
2026-04-30,2026-07-01,CSGS,"CSG Systems International, Inc.",Technology,SELL,15001,50000,CSG SYS INTL INC,1.0,448,Donald-J-Trump-06.25.2026-278T.pdf
2026-04-10,2026-07-01,CSX,CSX Corporation,Industrials,BUY,1001,15000,CSX CORPORATION,1.0,450,Donald-J-Trump-06.25.2026-278T.pdf
2026-04-15,2026-07-01,CVS,CVS Health Corporation,Healthcare,BUY,15001,50000,CVS HEALTH CORP,1.0,451,Donald-J-Trump-06.25.2026-278T.pdf
2026-04-27,2026-07-01,CVS,CVS Health Corporation,Healthcare,BUY,50001,100000,CVS HEALTH CORP,1.0,452,Donald-J-Trump-06.25.2026-278T.pdf
2026-04-27,2026-07-01,CVS,CVS Health Corporation,Healthcare,BUY,100001,250000,CVS HEALTH CORPORATION,1.0,453,Donald-J-Trump-06.25.2026-278T.pdf
2026-04-17,2026-07-01,DHR,Danaher,Healthcare,SELL,1001,15000,DANAHER CORP,1.0,456,Donald-J-Trump-06.25.2026-278T.pdf
2026-04-28,2026-07-01,DHR,Danaher,Healthcare,SELL,1001,15000,DANAHER CORP,1.0,457,Donald-J-Trump-06.25.2026-278T.pdf
2026-04-10,2026-07-01,DRI,"Darden Restaurants, Inc.",Consumer Discretionary,SELL,15001,50000,DARDEN RESTAURANTS INC,1.0,461,Donald-J-Trump-06.25.2026-278T.pdf
2026-04-10,2026-07-01,DDOG,Datadog,Technology,SELL,100001,250000,DATADOGINC,1.0,462,Donald-J-Trump-06.25.2026-278T.pdf
2026-04-27,2026-07-01,DE,Deere & Co,Industrials,SELL,15001,50000,DEERE&CO,1.0,464,Donald-J-Trump-06.25.2026-278T.pdf
2026-04-27,2026-07-01,DELL,Dell Technologies,Technology,SELL,50001,100000,DELL lECHNOLOGIES INC CL C,0.955,465,Donald-J-Trump-06.25.2026-278T.pdf
2026-04-10,2026-07-01,DAL,Delta Air Lines,Industrials,SELL,1001,15000,DELTA AIR LINES INC,0.914,466,Donald-J-Trump-06.25.2026-278T.pdf
2026-04-27,2026-07-01,DAL,Delta Air Lines,Industrials,BUY,15001,50000,DELTA AIR LINES INC DELA NEW,0.905,467,Donald-J-Trump-06.25.2026-278T.pdf
2026-04-17,2026-07-01,DXCM,DexCom,Healthcare,SELL,1001,15000,DEXCOMINC,1.0,469,Donald-J-Trump-06.25.2026-278T.pdf
2026-04-10,2026-07-01,FANG,"Diamondback Energy, Inc.",Energy,SELL,1001,15000,DIAMONDBACK ENERGY INC,1.0,475,Donald-J-Trump-06.25.2026-278T.pdf
2026-04-27,2026-07-01,DLR,Digital Realty Trust,Real Estate,SELL,50001,100000,DIGITAL REALTY lRUST INC REIT,0.87,478,Donald-J-Trump-06.25.2026-278T.pdf
2026-04-28,2026-07-01,DIS,Walt Disney,Communication Services,SELL,1001,15000,DISNEY WALT CO,1.0,480,Donald-J-Trump-06.25.2026-278T.pdf
2026-04-20,2026-07-01,DOCU,"DocuSign, Inc.",Technology,BUY,50001,100000,DOCUSIGN INC,1.0,482,Donald-J-Trump-06.25.2026-278T.pdf
2026-04-15,2026-07-01,DLTR,Dollar Tree,Consumer Discretionary,BUY,1001,15000,DOLLAR lREE INC ..,0.923,484,Donald-J-Trump-06.25.2026-278T.pdf
2026-04-15,2026-07-01,D,"Dominion Energy, Inc.",Utilities,BUY,1001,15000,DOMINION ENERGY INC,1.0,487,Donald-J-Trump-06.25.2026-278T.pdf
2026-04-10,2026-07-01,D,"Dominion Energy, Inc.",Utilities,SELL,1001,15000,DOMINION ENERGY INC,1.0,488,Donald-J-Trump-06.25.2026-278T.pdf
2026-04-27,2026-07-01,DASH,DoorDash,Consumer Discretionary,BUY,1001,15000,Doordash Inc Cl A,0.88,491,Donald-J-Trump-06.25.2026-278T.pdf
2026-04-30,2026-07-01,DORM,Dorman Products,Consumer Discretionary,SELL,15001,50000,DORMAN PROOS INC,0.929,494,Donald-J-Trump-06.25.2026-278T.pdf
2026-04-30,2026-07-01,DV,"DoubleVerify Holdings, Inc.",Communication Services,BUY,15001,15001,DOUBLEVERIFY HLDGS INC,1.0,495,Donald-J-Trump-06.25.2026-278T.pdf
2026-04-30,2026-07-01,DEI,"Douglas Emmett, Inc.",Real Estate,BUY,15001,50000,DOUGLAS EMMETT INC REIT,0.889,496,Donald-J-Trump-06.25.2026-278T.pdf
2026-04-27,2026-07-01,DNOW,DNOW Inc.,Industrials,SELL,1001,15000,DOW INC,0.923,498,Donald-J-Trump-06.25.2026-278T.pdf
2026-04-15,2026-07-01,DTE,DTE Energy Company,Utilities,BUY,1001,15000,DTE ENERGY CO,1.0,501,Donald-J-Trump-06.25.2026-278T.pdf
2026-04-15,2026-07-01,DUK,Duke Energy,Utilities,BUY,15001,50000,DUKE ENERGY CORP .D.U,0.933,502,Donald-J-Trump-06.25.2026-278T.pdf
2026-04-27,2026-07-01,DD,"DuPont de Nemours, Inc.",Materials,SELL,15000,15000,DUPONT DE NEMOURS INC,1.0,507,Donald-J-Trump-06.25.2026-278T.pdf
2026-04-30,2026-07-01,DXC,DXC Technology Company,Technology,BUY,15001,50000,DXC TECHNOLOGY CO IN,0.938,508,Donald-J-Trump-06.25.2026-278T.pdf
2026-04-17,2026-07-01,DT,Dynatrace,Technology,SELL,1001,15000,DYNATRACE INC,1.0,510,Donald-J-Trump-06.25.2026-278T.pdf
2026-04-30,2026-07-01,EMN,Eastman Chemical Company,Materials,SELL,15000,15000,EASTMAN CHEM CO,1.0,511,Donald-J-Trump-06.25.2026-278T.pdf
2026-04-15,2026-07-01,EBAY,eBay,Consumer Discretionary,BUY,1001,15000,EBAY INC,1.0,512,Donald-J-Trump-06.25.2026-278T.pdf
2026-04-07,2026-07-01,EBAY,eBay,Consumer Discretionary,BUY,1001,15000,EBAY INC,1.0,513,Donald-J-Trump-06.25.2026-278T.pdf
2026-04-27,2026-07-01,EBAY,eBay,Consumer Discretionary,BUY,1001,15000,EBAY INC,1.0,514,Donald-J-Trump-06.25.2026-278T.pdf
2026-04-10,2026-07-01,ESAB,ESAB Corporation,Industrials,SELL,100,50001,ECHOSTAR CORPORATION,0.824,515,Donald-J-Trump-06.25.2026-278T.pdf
2026-04-27,2026-07-01,ECL,Ecolab,Materials,BUY,1001,15000,ECOLAB INC,1.0,517,Donald-J-Trump-06.25.2026-278T.pdf
2026-04-10,2026-07-01,EW,Edwards Lifesciences,Healthcare,SELL,100,250000,EDWARDS LIFESCIENCES CORP,1.0,518,Donald-J-Trump-06.25.2026-278T.pdf
2026-04-27,2026-07-01,EA,Electronic Arts Inc.,Communication Services,SELL,50001,100000,ELECTRONIC ARTS INC,1.0,520,Donald-J-Trump-06.25.2026-278T.pdf
2026-04-27,2026-07-01,ELV,Elevance Health,Healthcare,BUY,1001,15000,ELEVANCE HEALTH INC,1.0,522,Donald-J-Trump-06.25.2026-278T.pdf
2026-04-27,2026-07-01,ELV,Elevance Health,Healthcare,BUY,15001,50000,ELEVANCE HEALTH INC,1.0,523,Donald-J-Trump-06.25.2026-278T.pdf
2026-04-27,2026-07-01,LLY,Eli Lilly,Healthcare,SELL,250001,500000,ELI LILLY & CO,1.0,524,Donald-J-Trump-06.25.2026-278T.pdf
2026-04-28,2026-07-01,LLY,Eli Lilly,Healthcare,SELL,1001,15000,ELI LILLY AND CO,1.0,525,Donald-J-Trump-06.25.2026-278T.pdf
2026-04-27,2026-07-01,EMR,Emerson Electric Co.,Industrials,BUY,50001,100000,EMERSON ELECTRIC CO,1.0,527,Donald-J-Trump-06.25.2026-278T.pdf
2026-04-17,2026-07-01,EMR,Emerson Electric Co.,Industrials,SELL,50001,100000,EMERSON ELECTRIC COM,0.971,528,Donald-J-Trump-06.25.2026-278T.pdf
2026-04-30,2026-07-01,ENR,"Energizer Holdings, Inc.",Industrials,SELL,1001,15000,ENERGIZER HLDGS INC NEW,0.85,529,Donald-J-Trump-06.25.2026-278T.pdf
2026-04-30,2026-07-01,ENOV,Enovis,Industrials,BUY,15001,50000,ENOVISCORP,1.0,531,Donald-J-Trump-06.25.2026-278T.pdf
2026-04-17,2026-07-01,EOG,EOG Resources,Energy,BUY,1001,15000,EOG RES INC,1.0,533,Donald-J-Trump-06.25.2026-278T.pdf
2026-04-10,2026-07-01,EOG,EOG Resources,Energy,SELL,1001,15000,EOG RES INC,1.0,534,Donald-J-Trump-06.25.2026-278T.pdf
2026-04-17,2026-07-01,EQT,EQT Corporation,Energy,SELL,1001,15000,EQT CORP,1.0,536,Donald-J-Trump-06.25.2026-278T.pdf
2026-04-30,2026-07-01,EPRT,"Essential Properties Realty Trust, Inc.",Real Estate,SELL,50001,100000,ESSENTIAL PPTYS RLTY TR REIT,0.909,540,Donald-J-Trump-06.25.2026-278T.pdf
2026-04-30,2026-07-01,ETD,Ethan Allen Interiors Inc.,Consumer Discretionary,SELL,1001,15000,ETHAN ALLEN INTERIORS IN,1.0,542,Donald-J-Trump-06.25.2026-278T.pdf
2026-04-10,2026-07-01,EXE,Expand Energy Corporation,Energy,SELL,15001,50000,EXPAND ENERGY CORPORATION,1.0,551,Donald-J-Trump-06.25.2026-278T.pdf
2026-04-17,2026-07-01,XOM,Exxon Mobil,Energy,SELL,15001,50000,EXXON MOBIL CORP,1.0,558,Donald-J-Trump-06.25.2026-278T.pdf
2026-04-27,2026-07-01,FFIV,F5,Technology,SELL,15001,50000,F5INC,1.0,562,Donald-J-Trump-06.25.2026-278T.pdf
2026-04-20,2026-07-01,FICO,Fair Isaac,Technology,SELL,15001,15001,FAIR ISAAC CORP,1.0,563,Donald-J-Trump-06.25.2026-278T.pdf
2026-04-20,2026-07-01,FIS,Fidelity National Info,Technology,SELL,15001,50000,FIDEUTY NAT\. INFORMATIO,0.905,568,Donald-J-Trump-06.25.2026-278T.pdf
2026-04-07,2026-07-01,FIS,Fidelity National Info,Technology,BUY,100001,250000,FIDELITY NAT\. INFORMATION,0.978,570,Donald-J-Trump-06.25.2026-278T.pdf
2026-04-27,2026-07-01,FE,FirstEnergy Corp.,Utilities,BUY,1001,15000,FIRSTENERGY CORP AVG,0.909,575,Donald-J-Trump-06.25.2026-278T.pdf
2026-04-15,2026-07-01,FLEX,Flex Ltd.,Technology,BUY,1001,15000,FLEX LTD,1.0,577,Donald-J-Trump-06.25.2026-278T.pdf
2026-04-28,2026-07-01,FLUT,Flutter Entertainment,Consumer Discretionary,BUY,1001,15000,FLUTTER ENTMT PLC F,1.0,580,Donald-J-Trump-06.25.2026-278T.pdf
2026-04-10,2026-07-01,F,Ford Motor Company,Consumer Discretionary,BUY,50001,100000,FORD MOTOR CO,1.0,581,Donald-J-Trump-06.25.2026-278T.pdf
2026-04-15,2026-07-01,FTNT,Fortinet,Technology,BUY,15001,50000,FORTINET INC,1.0,584,Donald-J-Trump-06.25.2026-278T.pdf
2026-04-17,2026-07-01,FTNT,Fortinet,Technology,SELL,500001,1000000,FORTINET INC,1.0,586,Donald-J-Trump-06.25.2026-278T.pdf
2026-04-30,2026-07-01,FRPT,"Freshpet, Inc.",Consumer Staples,BUY,15001,50000,FRESHPET INC,1.0,591,Donald-J-Trump-06.25.2026-278T.pdf
2026-04-17,2026-07-01,AJG,Arthur J. Gallagher,Financials,BUY,500001,1000000,GALLAGHER ARTHUR J & CO,1.0,593,Donald-J-Trump-06.25.2026-278T.pdf
2026-04-28,2026-07-01,AJG,Arthur J. Gallagher,Financials,BUY,1001,15000,GALLAGHER ARTHUR J & CO,1.0,594,Donald-J-Trump-06.25.2026-278T.pdf
2026-04-10,2026-07-01,AJG,Arthur J. Gallagher,Financials,BUY,50001,100000,GALI.AGHER ARTHUR J & CO,0.944,595,Donald-J-Trump-06.25.2026-278T.pdf
2026-04-10,2026-07-01,GRMN,Garmin,Consumer Discretionary,SELL,1001,15000,GARMIN LTD,1.0,596,Donald-J-Trump-06.25.2026-278T.pdf
2026-04-10,2026-07-01,IT,Gartner,Technology,SELL,100001,250000,GARTNER INC,1.0,597,Donald-J-Trump-06.25.2026-278T.pdf
2026-04-30,2026-07-01,GTES,Gates Industrial,Industrials,BUY,15001,50000,GATES INDL CORP PLC F,0.97,598,Donald-J-Trump-06.25.2026-278T.pdf
2026-04-28,2026-07-01,GE,GE Aerospace,Industrials,SELL,1001,15000,GE AEROSPACE,1.0,599,Donald-J-Trump-06.25.2026-278T.pdf
2026-04-27,2026-07-01,GE,GE Aerospace,Industrials,SELL,100001,250000,GE AEROSPACE,1.0,601,Donald-J-Trump-06.25.2026-278T.pdf
2026-04-28,2026-07-01,GEHC,GE HealthCare Technologies Inc.,Healthcare,SELL,1001,15000,GE HEALTHCARE TECHNOLOGI,0.898,602,Donald-J-Trump-06.25.2026-278T.pdf
2026-04-20,2026-07-01,GEHC,GE HealthCare Technologies Inc.,Healthcare,SELL,15000,15000,GE HEALTHCARE TECHNOLOGI,0.898,603,Donald-J-Trump-06.25.2026-278T.pdf
2026-04-15,2026-07-01,GEHC,GE HealthCare Technologies Inc.,Healthcare,BUY,15001,50000,GE HEALTHCARE TECHNOLOGIES INC,1.0,604,Donald-J-Trump-06.25.2026-278T.pdf
2026-04-07,2026-07-01,GEHC,GE HealthCare Technologies Inc.,Healthcare,BUY,1001,15000,GE HEALTHCARE TECHNOLOGIES INC,1.0,605,Donald-J-Trump-06.25.2026-278T.pdf
2026-04-10,2026-07-01,GEHC,GE HealthCare Technologies Inc.,Healthcare,BUY,50000,50000,GE HEALTHCARE TECHNOLOGIES INC,1.0,606,Donald-J-Trump-06.25.2026-278T.pdf
2026-04-27,2026-07-01,GNRC,Generac Holdings Inc.,Industrials,SELL,50001,100000,GENERAC HLDGS INC,1.0,607,Donald-J-Trump-06.25.2026-278T.pdf
2026-04-10,2026-07-01,GNRC,Generac Holdings Inc.,Industrials,SELL,1001,15000,GENERAC HOLDINGS INC,1.0,608,Donald-J-Trump-06.25.2026-278T.pdf
2026-04-27,2026-07-01,GD,General Dynamics,Industrials,SELL,50001,100000,GENERAL DYNAMICS CORP,1.0,609,Donald-J-Trump-06.25.2026-278T.pdf
2026-04-15,2026-07-01,GIS,General Mills,Consumer Staples,BUY,15001,15001,GENERAL MILLS INC,1.0,611,Donald-J-Trump-06.25.2026-278T.pdf
2026-04-28,2026-07-01,GIS,General Mills,Consumer Staples,BUY,1001,15000,GENERAL MILLS INC,1.0,612,Donald-J-Trump-06.25.2026-278T.pdf
2026-04-17,2026-07-01,GIS,General Mills,Consumer Staples,BUY,1001,15000,GENERAL MILLS INC,1.0,613,Donald-J-Trump-06.25.2026-278T.pdf
2026-04-20,2026-07-01,GIS,General Mills,Consumer Staples,SELL,50001,100000,GENERAL MILLS INC,1.0,614,Donald-J-Trump-06.25.2026-278T.pdf
2026-04-10,2026-07-01,GIS,General Mills,Consumer Staples,SELL,50001,100000,GENERAL MILLS INC,1.0,615,Donald-J-Trump-06.25.2026-278T.pdf
2026-04-27,2026-07-01,GIS,General Mills,Consumer Staples,BUY,15001,50000,General MIiis Inc,0.867,616,Donald-J-Trump-06.25.2026-278T.pdf
2026-04-10,2026-07-01,GM,General Motors Company,Consumer Discretionary,BUY,15001,50000,GENERAL MOTORS COMPANY,1.0,617,Donald-J-Trump-06.25.2026-278T.pdf
2026-04-27,2026-07-01,GIS,General Mills,Consumer Staples,BUY,50001,100000,GENL MILLS INC,0.889,618,Donald-J-Trump-06.25.2026-278T.pdf
2026-04-30,2026-07-01,ROCK,"Gibraltar Industries, Inc.",Industrials,SELL,1001,15000,GIBRALTAR INDS INC,1.0,619,Donald-J-Trump-06.25.2026-278T.pdf
2026-04-15,2026-07-01,GILD,Gilead,Healthcare,BUY,1001,15000,GILEAD SCIENCES INC,1.0,620,Donald-J-Trump-06.25.2026-278T.pdf
2026-04-27,2026-07-01,GILD,Gilead,Healthcare,BUY,15001,50000,GILEAD SCIENCES INC,1.0,622,Donald-J-Trump-06.25.2026-278T.pdf
2026-04-27,2026-07-01,GILD,Gilead,Healthcare,SELL,15001,50000,GILEAD SCIENCES INC,1.0,623,Donald-J-Trump-06.25.2026-278T.pdf
2026-04-10,2026-07-01,GS,Goldman Sachs,Financials,BUY,500,250001,GOLDMAN SACHS GROUP INC I,0.976,630,Donald-J-Trump-06.25.2026-278T.pdf
2026-04-27,2026-07-01,GS,Goldman Sachs,Financials,BUY,50001,100000,Goldman Sachs GroUP Inc,1.0,631,Donald-J-Trump-06.25.2026-278T.pdf
2026-04-15,2026-07-01,GBDC,"Golub Capital BDC, Inc.",Financials,BUY,100,50001,GOLUB CAPITAL BOC INC,0.944,632,Donald-J-Trump-06.25.2026-278T.pdf
2026-04-20,2026-07-01,GPK,Graphic Packaging,Materials,BUY,50001,100000,GRAPHIC PACKAGING HLDG C,1.0,633,Donald-J-Trump-06.25.2026-278T.pdf
2026-04-30,2026-07-01,GDYN,"Grid Dynamics Holdings, Inc.",Technology,SELL,1001,15000,GRID DYNAMICS HLDGS INC CLASS A,0.87,638,Donald-J-Trump-06.25.2026-278T.pdf
2026-04-30,2026-07-01,GO,Grocery Outlet Holding Corp.,Consumer Staples,SELL,1001,15000,GROCERY OUTLET HLDG CORP,1.0,639,Donald-J-Trump-06.25.2026-278T.pdf
2026-04-17,2026-07-01,GWRE,"Guidewire Software, Inc.",Technology,SELL,1001,15000,GUIDEWIRE SOF1WARE INC,0.95,640,Donald-J-Trump-06.25.2026-278T.pdf
2026-04-13,2026-07-01,MHK,Mohawk Industries,Consumer Discretionary,BUY,15001,50000,HAWKINS INC,0.87,645,Donald-J-Trump-06.25.2026-278T.pdf
2026-04-27,2026-07-01,HCA,"HCA Healthcare, Inc.",Healthcare,SELL,1001,15000,HCA HEALTHCARE INC,1.0,646,Donald-J-Trump-06.25.2026-278T.pdf
2026-04-30,2026-07-01,HSTM,"HealthStream, Inc.",Healthcare,SELL,15001,50000,HEALTHSTREAM INC,1.0,648,Donald-J-Trump-06.25.2026-278T.pdf
2026-04-28,2026-07-01,HEI,HEICO Corporation,Industrials,SELL,1001,15000,HEICO CORP NEW,0.857,649,Donald-J-Trump-06.25.2026-278T.pdf
2026-04-20,2026-07-01,JKHY,Jack Henry & Associates,Technology,SELL,15001,50000,HENRY JACK & ASSOC INC,1.0,652,Donald-J-Trump-06.25.2026-278T.pdf
2026-04-10,2026-07-01,JKHY,Jack Henry & Associates,Technology,SELL,15001,50000,HENRY JACK & ASSOCIATES INC,0.872,653,Donald-J-Trump-06.25.2026-278T.pdf
2026-04-27,2026-07-01,HPE,Hewlett Packard Enterprise,Technology,SELL,50001,100000,HEWLETT PACKARD ENTERPRISE CO,1.0,656,Donald-J-Trump-06.25.2026-278T.pdf
2026-04-27,2026-07-01,HLT,Hilton Worldwide,Consumer Discretionary,BUY,15001,50000,HILTON WORLDWIDE HOLDINGS INC,0.939,657,Donald-J-Trump-06.25.2026-278T.pdf
2026-04-28,2026-07-01,HD,Home Depot,Consumer Discretionary,SELL,1001,15000,HOME OEPOT INC,0.917,661,Donald-J-Trump-06.25.2026-278T.pdf
2026-04-28,2026-07-01,HRL,Hormel Foods Corporation,Consumer Staples,SELL,1001,15000,HORMEL FOOOS CORP,0.933,667,Donald-J-Trump-06.25.2026-278T.pdf
2026-04-15,2026-07-01,HP,"Helmerich & Payne, Inc.",Energy,BUY,1001,15000,HPINC,1.0,668,Donald-J-Trump-06.25.2026-278T.pdf
2026-04-20,2026-07-01,HUBS,"HubSpot, Inc.",Technology,SELL,15001,50000,HUBSPOTINC,1.0,672,Donald-J-Trump-06.25.2026-278T.pdf
2026-04-27,2026-07-01,HUM,Humana,Healthcare,BUY,1001,15000,HUMANA INC,1.0,674,Donald-J-Trump-06.25.2026-278T.pdf
2026-04-10,2026-07-01,HBAN,Huntington Bancshares,Financials,BUY,50000,50000,HUNTINGTON BANCSHARES INC,1.0,676,Donald-J-Trump-06.25.2026-278T.pdf
2026-04-27,2026-07-01,HBAN,Huntington Bancshares,Financials,SELL,15001,50000,HUNTINGTON BANCSHARES INC,1.0,677,Donald-J-Trump-06.25.2026-278T.pdf
2026-04-28,2026-07-01,IBM,IBM,Technology,SELL,1001,15000,IBM CORP,1.0,679,Donald-J-Trump-06.25.2026-278T.pdf
2026-04-30,2026-07-01,ICUI,"ICU Medical, Inc.",Healthcare,SELL,50001,100000,ICU MED INC,1.0,681,Donald-J-Trump-06.25.2026-278T.pdf
2026-04-27,2026-07-01,IDXX,"IDEXX Laboratories, Inc.",Healthcare,BUY,50001,100000,IDEXX LABORATORIES CORP,0.878,682,Donald-J-Trump-06.25.2026-278T.pdf
2026-04-27,2026-07-01,ITW,Illinois Tool Works,Industrials,BUY,15001,50000,IWNOIS TOOL WORKS INC,0.895,684,Donald-J-Trump-06.25.2026-278T.pdf
2026-04-30,2026-07-01,PI,"Impinj, Inc.",Technology,BUY,15001,50000,IMPINJINC,1.0,687,Donald-J-Trump-06.25.2026-278T.pdf
2026-04-28,2026-07-01,IR,Ingersoll Rand Inc.,Industrials,SELL,1001,15000,INGERSOLL RAND INC,1.0,688,Donald-J-Trump-06.25.2026-278T.pdf
2026-04-30,2026-07-01,IIPR,Innovative Industrial Properties,Real Estate,SELL,1001,15000,INNOVATIVE INDL PPTYS IN REIT,0.913,690,Donald-J-Trump-06.25.2026-278T.pdf
2026-04-28,2026-07-01,INSM,Insmed,Healthcare,SELL,1001,15000,INSMEDINC,1.0,692,Donald-J-Trump-06.25.2026-278T.pdf
2026-04-15,2026-07-01,INTC,Intel,Technology,BUY,15001,50000,INTELCORP,1.0,701,Donald-J-Trump-06.25.2026-278T.pdf
2026-04-17,2026-07-01,IP,International Paper Company,Consumer Discretionary,SELL,1001,15000,INTERNTNL PAPER CO,1.0,711,Donald-J-Trump-06.25.2026-278T.pdf
2026-04-27,2026-07-01,IWF,iShares Russell 1000 Growth,ETF — Broad,SELL,1000001,5000000,lsharos Tr Russell 1000 Elf,0.87,728,Donald-J-Trump-06.25.2026-278T.pdf
2026-04-30,2026-07-01,ITRI,Itron,Technology,SELL,15001,50000,ITRON INC EQUITY CLASS EQUITY,0.864,729,Donald-J-Trump-06.25.2026-278T.pdf
2026-04-27,2026-07-01,J,Jacobs Solutions,Industrials,BUY,1001,15000,Jacobs Solutions Inc Com,0.923,731,Donald-J-Trump-06.25.2026-278T.pdf
2026-04-30,2026-07-01,JBTM,JBT Marel Corporation,Industrials,SELL,50001,100000,JBT MAREL CORP,1.0,732,Donald-J-Trump-06.25.2026-278T.pdf
2026-04-17,2026-07-01,JNJ,Johnson & Johnson,Healthcare,SELL,1001,15000,JOHNSON & JOHNSON,1.0,733,Donald-J-Trump-06.25.2026-278T.pdf
2026-04-27,2026-07-01,JNJ,Johnson & Johnson,Healthcare,SELL,100001,250000,JOHNSON & JOHNSON,1.0,734,Donald-J-Trump-06.25.2026-278T.pdf
2026-04-27,2026-07-01,JNJ,Johnson & Johnson,Healthcare,BUY,50001,100000,JOHNSON & JOHNSON COM,0.903,735,Donald-J-Trump-06.25.2026-278T.pdf
2026-04-10,2026-07-01,JCI,Johnson Controls,Industrials,BUY,50001,100000,JOHNSON CONTROLS INTERNATIONAL PLC,1.0,736,Donald-J-Trump-06.25.2026-278T.pdf
2026-04-10,2026-07-01,JPM,JPMorgan Chase,Financials,BUY,1001,15000,JPMORGAN CHASE & CO ..,1.0,738,Donald-J-Trump-06.25.2026-278T.pdf
2026-04-27,2026-07-01,JPM,JPMorgan Chase,Financials,SELL,15001,15001,JPMORGAN CHASE & CO,1.0,739,Donald-J-Trump-06.25.2026-278T.pdf
2026-04-15,2026-07-01,KBDC,"Kayne Anderson BDC, Inc.",Financials,BUY,15001,50000,KAYNE ANDERSON BDC INC,1.0,742,Donald-J-Trump-06.25.2026-278T.pdf
2026-04-15,2026-07-01,KVUE,Kenvue Inc.,Consumer Staples,BUY,1001,15000,KENVUEINC,1.0,744,Donald-J-Trump-06.25.2026-278T.pdf
2026-04-07,2026-07-01,KDP,Keurig Dr Pepper Inc.,Consumer Staples,SELL,1001,15000,KEURIG DR PEPPER INC,1.0,748,Donald-J-Trump-06.25.2026-278T.pdf
2026-04-15,2026-07-01,KMB,Kimberly-Clark,Consumer Staples,BUY,15001,50000,KIMBERLY CLARK CORP,1.0,751,Donald-J-Trump-06.25.2026-278T.pdf
2026-04-15,2026-07-01,KMB,Kimberly-Clark,Consumer Staples,BUY,1001,15000,KIMBERLY CLARK CORP,1.0,752,Donald-J-Trump-06.25.2026-278T.pdf
2026-04-10,2026-07-01,KMB,Kimberly-Clark,Consumer Staples,BUY,1001,15000,KIMBERLY CLARK CORPORATION,0.829,753,Donald-J-Trump-06.25.2026-278T.pdf
2026-04-27,2026-07-01,KMB,Kimberly-Clark,Consumer Staples,SELL,15001,50000,KIMBERLY CLARK CORPORATION,0.829,754,Donald-J-Trump-06.25.2026-278T.pdf
2026-04-17,2026-07-01,KMB,Kimberly-Clark,Consumer Staples,SELL,250001,500000,KIMBERLY-ct.ARK CORP COM,0.865,755,Donald-J-Trump-06.25.2026-278T.pdf
2026-04-10,2026-07-01,CRVL,CorVel Corporation,Financials,SELL,15001,50000,KIMCO REALTY CORPORATION,0.821,756,Donald-J-Trump-06.25.2026-278T.pdf
2026-04-15,2026-07-01,KLAC,KLA Corp,Technology,BUY,15001,50000,KLACORP,1.0,765,Donald-J-Trump-06.25.2026-278T.pdf
2026-04-09,2026-07-01,KLAC,KLA Corp,Technology,SELL,250001,500000,KLACORP,1.0,766,Donald-J-Trump-06.25.2026-278T.pdf
2026-04-30,2026-07-01,KTB,"Kontoor Brands, Inc.",Consumer Discretionary,BUY,15001,50000,KONTOOR BRANDS INC,1.0,767,Donald-J-Trump-06.25.2026-278T.pdf
2026-04-30,2026-07-01,KFY,Korn Ferry,Industrials,SELL,15001,50000,KORN FERRY,1.0,768,Donald-J-Trump-06.25.2026-278T.pdf
2026-04-09,2026-07-01,LRCX,Lam Research,Technology,SELL,250001,500000,LAM RESEARCH CORP,1.0,780,Donald-J-Trump-06.25.2026-278T.pdf
2026-04-30,2026-07-01,LAUR,"Laureate Education, Inc.",Consumer Staples,SELL,50001,100000,LAUREATE ED INC,1.0,785,Donald-J-Trump-06.25.2026-278T.pdf
2026-04-30,2026-07-01,LCII,LCI Industries,Consumer Discretionary,SELL,15001,50000,LCIINDS,1.0,786,Donald-J-Trump-06.25.2026-278T.pdf
2026-04-10,2026-07-01,LII,Lennox International,Industrials,BUY,15001,50000,LENNOX INTL INC n1,0.929,793,Donald-J-Trump-06.25.2026-278T.pdf
2026-04-27,2026-07-01,LII,Lennox International,Industrials,SELL,15001,50000,LENNOX INTL INC,1.0,794,Donald-J-Trump-06.25.2026-278T.pdf
2026-04-30,2026-07-01,LGIH,"LGI Homes, Inc.",Consumer Discretionary,SELL,1001,15000,LGI HOMES INC,1.0,795,Donald-J-Trump-06.25.2026-278T.pdf
2026-04-15,2026-07-01,FWONK,Liberty Media Formula One Series C,Communication Services,BUY,1001,15000,LIBERTY MEDIA CORP LIBERTY FORMULA ONE SER C Io,0.974,798,Donald-J-Trump-06.25.2026-278T.pdf
2026-04-30,2026-07-01,LTH,Life Time Group,Consumer Discretionary,SELL,1001,15000,LIFE TIME GROUP HLDGS IN,1.0,799,Donald-J-Trump-06.25.2026-278T.pdf
2026-04-10,2026-07-01,LIN,Linde,Materials,SELL,1001,15000,LINDE PLC,1.0,801,Donald-J-Trump-06.25.2026-278T.pdf
2026-04-30,2026-07-01,LKQ,LKQ Corporation,Consumer Discretionary,SELL,15001,50000,LKQ CORP,1.0,803,Donald-J-Trump-06.25.2026-278T.pdf
2026-04-27,2026-07-01,L,Loews Corporation,Financials,BUY,15001,50000,LOEWS CORP,1.0,806,Donald-J-Trump-06.25.2026-278T.pdf
2026-04-28,2026-07-01,LOW,"Lowe's Companies, Inc.",Consumer Discretionary,SELL,1001,15000,LOWES COS INC,1.0,808,Donald-J-Trump-06.25.2026-278T.pdf
2026-04-27,2026-07-01,LOW,"Lowe's Companies, Inc.",Consumer Discretionary,BUY,15001,50000,Lowes Cos Inc Com,0.88,809,Donald-J-Trump-06.25.2026-278T.pdf
2026-04-07,2026-07-01,LULU,Lululemon Athletica,Consumer Discretionary,SELL,1001,15000,LULULEMON ATHLETICA INC,1.0,811,Donald-J-Trump-06.25.2026-278T.pdf
2026-04-28,2026-07-01,LITE,Lumentum Holdings Inc.,Technology,SELL,1001,15000,LUMENTUM HLDGS INC,1.0,812,Donald-J-Trump-06.25.2026-278T.pdf
2026-04-27,2026-07-01,LYB,LyondellBasell Industries N.V.,Materials,SELL,50000,50000,LYONDELLBASELL INDUSTRIES NV CL A,0.945,815,Donald-J-Trump-06.25.2026-278T.pdf
2026-04-17,2026-07-01,MANH,"Manhattan Associates, Inc.",Technology,BUY,1001,15000,MANHATTAN ASSOCS INC,1.0,817,Donald-J-Trump-06.25.2026-278T.pdf
2026-04-10,2026-07-01,MPC,Marathon Petroleum Corporation,Energy,SELL,50001,100000,MARATHON PETE CORP,1.0,818,Donald-J-Trump-06.25.2026-278T.pdf
2026-04-27,2026-07-01,MPC,Marathon Petroleum Corporation,Energy,BUY,50001,100000,MARATHON PETE CORP,1.0,819,Donald-J-Trump-06.25.2026-278T.pdf
2026-04-30,2026-07-01,MMI,"Marcus & Millichap, Inc.",Real Estate,SELL,1001,15000,MARCUS & MIUICHAP INC,0.914,820,Donald-J-Trump-06.25.2026-278T.pdf
2026-04-30,2026-07-01,MKTX,MarketAxess Holdings Inc.,Financials,BUY,100001,250000,MARKETAXESS HLDGS INC,1.0,821,Donald-J-Trump-06.25.2026-278T.pdf
2026-04-15,2026-07-01,MAR,Marriott,Consumer Discretionary,BUY,15001,50000,MARRIOTT INTL INC CL A,0.833,822,Donald-J-Trump-06.25.2026-278T.pdf
2026-04-28,2026-07-01,MMC,Marsh & McLennan,Financials,SELL,1001,15000,MARSH & MCLENNAN COS INC,1.0,825,Donald-J-Trump-06.25.2026-278T.pdf
2026-04-27,2026-07-01,MLM,"Martin Marietta Materials, Inc.",Materials,BUY,15001,50000,MARTIN MARIETTA MATERIALS INC,1.0,827,Donald-J-Trump-06.25.2026-278T.pdf
2026-04-15,2026-07-01,MRVL,"Marvell Technology, Inc.",Technology,BUY,15001,50000,MARVELLTECHNOLOGYINC,1.0,826,Donald-J-Trump-06.25.2026-278T.pdf
2026-04-07,2026-07-01,MRVL,"Marvell Technology, Inc.",Technology,BUY,1001,15000,MARVELL TECHNOLOGY INC,1.0,829,Donald-J-Trump-06.25.2026-278T.pdf
2026-04-27,2026-07-01,MA,Mastercard,Financials,BUY,15001,50000,MASTERCARD INC CL A IP,0.839,830,Donald-J-Trump-06.25.2026-278T.pdf
2026-04-27,2026-07-01,MA,Mastercard,Financials,BUY,15001,50000,Mastercard Inc Cl A,0.897,831,Donald-J-Trump-06.25.2026-278T.pdf
2026-04-27,2026-07-01,MA,Mastercard,Financials,SELL,1001,15000,MASTERCARD INCORPORATED,1.0,835,Donald-J-Trump-06.25.2026-278T.pdf
2026-04-15,2026-07-01,MKC,McCormick & Co,Consumer Staples,BUY,1001,15000,MCCORMICK & CO INC NON VOTING,1.0,837,Donald-J-Trump-06.25.2026-278T.pdf
2026-04-28,2026-07-01,MKC,McCormick & Co,Consumer Staples,BUY,15000,15000,MCCORMICK & CO INC CLASS CLASS N,0.889,838,Donald-J-Trump-06.25.2026-278T.pdf
2026-04-20,2026-07-01,MCD,McDonald's,Consumer Discretionary,SELL,100,100,MCDONALDS CORP,1.0,841,Donald-J-Trump-06.25.2026-278T.pdf
2026-04-27,2026-07-01,MCD,McDonald's,Consumer Discretionary,BUY,15001,50000,MCDONALDS CORP,1.0,842,Donald-J-Trump-06.25.2026-278T.pdf
2026-04-27,2026-07-01,MCD,McDonald's,Consumer Discretionary,BUY,1001,15000,MCDONALDS CORP,1.0,843,Donald-J-Trump-06.25.2026-278T.pdf
2026-04-27,2026-07-01,MCK,McKesson Corporation,Healthcare,BUY,100000,100000,MCKESSON CORP,1.0,844,Donald-J-Trump-06.25.2026-278T.pdf
2026-04-27,2026-07-01,MCK,McKesson Corporation,Healthcare,BUY,15001,50000,MCKESSON CORP,1.0,845,Donald-J-Trump-06.25.2026-278T.pdf
2026-04-15,2026-07-01,MDT,Medtronic,Healthcare,BUY,1001,15000,MEDTRONIC PLC,1.0,846,Donald-J-Trump-06.25.2026-278T.pdf
2026-04-27,2026-07-01,MDT,Medtronic,Healthcare,BUY,15000,15000,MEDTRONIC PLC,1.0,847,Donald-J-Trump-06.25.2026-278T.pdf
2026-04-17,2026-07-01,MDT,Medtronic,Healthcare,SELL,250001,500000,Medtronic Pie,0.857,848,Donald-J-Trump-06.25.2026-278T.pdf
2026-04-28,2026-07-01,MDT,Medtronic,Healthcare,SELL,1001,15000,MEDTRONIC PLC F,1.0,851,Donald-J-Trump-06.25.2026-278T.pdf
2026-04-20,2026-07-01,MDT,Medtronic,Healthcare,SELL,15001,15001,MEDTRONIC PLC F,1.0,852,Donald-J-Trump-06.25.2026-278T.pdf
2026-04-10,2026-07-01,MRK,Merck,Healthcare,SELL,1001,15000,MERCK & CO INC,1.0,853,Donald-J-Trump-06.25.2026-278T.pdf
2026-04-27,2026-07-01,MRK,Merck,Healthcare,SELL,50001,100000,MERCK & CO INC,1.0,854,Donald-J-Trump-06.25.2026-278T.pdf
2026-04-27,2026-07-01,MRK,Merck,Healthcare,BUY,15001,50000,MERCK & CO INC COM,0.87,855,Donald-J-Trump-06.25.2026-278T.pdf
2026-04-27,2026-07-01,META,Meta Platforms,Communication Services,SELL,250001,500000,META PLATFORMS INC,1.0,856,Donald-J-Trump-06.25.2026-278T.pdf
2026-04-07,2026-07-01,META,Meta Platforms,Communication Services,SELL,15000,15000,META PLATFORMS INC CL A,0.914,857,Donald-J-Trump-06.25.2026-278T.pdf
2026-04-27,2026-07-01,META,Meta Platforms,Communication Services,BUY,5000000,5000000,META PLATFORMS INC CL A,0.914,858,Donald-J-Trump-06.25.2026-278T.pdf
2026-04-15,2026-07-01,MU,Micron Technology,Technology,BUY,15001,50000,MICRON TECHNOLOGY INC,1.0,870,Donald-J-Trump-06.25.2026-278T.pdf
2026-04-15,2026-07-01,MSFT,Microsoft,Technology,BUY,100001,250000,MICROSOFT CORP,1.0,875,Donald-J-Trump-06.25.2026-278T.pdf
2026-04-10,2026-07-01,MSFT,Microsoft,Technology,SELL,250001,500000,MICROSOFT CORP,1.0,880,Donald-J-Trump-06.25.2026-278T.pdf
2026-04-30,2026-07-01,MSFT,Microsoft,Technology,SELL,1000001,5000000,Microsoft Coro,0.923,881,Donald-J-Trump-06.25.2026-278T.pdf
2026-04-10,2026-07-01,MAA,Mid-America Apartment Communities,Real Estate,BUY,1001,15000,MID AMERICA APARTMENT COMMUNITIES INC,1.0,883,Donald-J-Trump-06.25.2026-278T.pdf
2026-04-10,2026-07-01,MS,Morgan Stanley,Financials,BUY,100001,250000,MORGAN STANLEY,1.0,901,Donald-J-Trump-06.25.2026-278T.pdf
2026-04-17,2026-07-01,MSI,Motorola Solutions,Technology,SELL,1001,15000,MOTOROLA SOLUTIONS INC,1.0,904,Donald-J-Trump-06.25.2026-278T.pdf
2026-04-20,2026-07-01,MSCI,MSCI,Financials,SELL,15001,50000,MSCIINC,1.0,906,Donald-J-Trump-06.25.2026-278T.pdf
2026-04-10,2026-07-01,NDAQ,Nasdaq Inc,Financials,SELL,1001,15000,NASDAQ INC,1.0,908,Donald-J-Trump-06.25.2026-278T.pdf
2026-04-27,2026-07-01,NTAP,NetApp,Technology,SELL,15001,50000,NETAPPINC,1.0,914,Donald-J-Trump-06.25.2026-278T.pdf
2026-04-15,2026-07-01,NFLX,Netflix,Communication Services,BUY,15001,50000,"NETFLIX INC n,",0.952,915,Donald-J-Trump-06.25.2026-278T.pdf
2026-04-27,2026-07-01,NFLX,Netflix,Communication Services,SELL,100001,250000,NETFLIX INC,1.0,917,Donald-J-Trump-06.25.2026-278T.pdf
2026-04-27,2026-07-01,NFLX,Netflix,Communication Services,SELL,100,50001,NETFLIXINC,1.0,919,Donald-J-Trump-06.25.2026-278T.pdf
2026-04-10,2026-07-01,NEE,"NextEra Energy, Inc.",Utilities,SELL,1001,1001,NEXTERA ENERGY INC,1.0,923,Donald-J-Trump-06.25.2026-278T.pdf
2026-04-17,2026-07-01,OLLI,Ollie's Bargain Outlet,Consumer Discretionary,SELL,1001,15000,OUIES BARGAIN OUTLET HL,0.927,957,Donald-J-Trump-06.25.2026-278T.pdf
2026-04-28,2026-07-01,OLLI,Ollie's Bargain Outlet,Consumer Discretionary,SELL,1001,15000,OLLIES BARGAIN OUTLET HL,1.0,958,Donald-J-Trump-06.25.2026-278T.pdf
2026-04-15,2026-07-01,OMC,Omnicom,Communication Services,BUY,1001,15000,OMNICOM GROUP INC,1.0,960,Donald-J-Trump-06.25.2026-278T.pdf
2026-04-27,2026-07-01,OMC,Omnicom,Communication Services,SELL,15001,50000,OMNICOM GROUP INC,1.0,961,Donald-J-Trump-06.25.2026-278T.pdf
2026-04-15,2026-07-01,ON,ON Semiconductor,Technology,BUY,1001,15000,ON SEMICONDUCTOR CORP,1.0,962,Donald-J-Trump-06.25.2026-278T.pdf
2026-04-07,2026-07-01,ON,ON Semiconductor,Technology,BUY,1001,15000,ON SEMICONDUCTOR CORP,1.0,963,Donald-J-Trump-06.25.2026-278T.pdf
2026-04-09,2026-07-01,ON,ON Semiconductor,Technology,SELL,100001,250000,ON SEMICONDUCTOR CORP,1.0,964,Donald-J-Trump-06.25.2026-278T.pdf
2026-04-15,2026-07-01,OKE,ONEOK,Energy,BUY,1001,15000,ONEOK INC,1.0,965,Donald-J-Trump-06.25.2026-278T.pdf
2026-04-10,2026-07-01,OKE,ONEOK,Energy,SELL,1001,15000,ONEOK INC,1.0,966,Donald-J-Trump-06.25.2026-278T.pdf
2026-04-28,2026-07-01,ORCL,Oracle,Technology,BUY,1001,15000,ORACLE CORP,1.0,967,Donald-J-Trump-06.25.2026-278T.pdf
2026-04-27,2026-07-01,ORCL,Oracle,Technology,SELL,15001,50000,ORAa..ECORP,0.842,968,Donald-J-Trump-06.25.2026-278T.pdf
2026-04-27,2026-07-01,ORCL,Oracle,Technology,BUY,250001,500000,ORACLE CORPORATION,1.0,970,Donald-J-Trump-06.25.2026-278T.pdf
2026-04-28,2026-07-01,OTIS,Otis Worldwide Corporation,Industrials,BUY,1001,15000,OTIS WORLDWIDE CORP,1.0,971,Donald-J-Trump-06.25.2026-278T.pdf
2026-04-30,2026-07-01,OTTR,Otter Tail Corporation,Industrials,BUY,15001,50000,OTTER TAIL CORP,1.0,972,Donald-J-Trump-06.25.2026-278T.pdf
2026-04-15,2026-07-01,PLTR,Palantir,Technology,BUY,15001,50000,PALANTIR TECHNOLOGIES INC CL A,0.939,977,Donald-J-Trump-06.25.2026-278T.pdf
2026-04-07,2026-07-01,PLTR,Palantir,Technology,BUY,1001,15000,PALANTIR TECHNOLOGIES INC CL A,0.939,978,Donald-J-Trump-06.25.2026-278T.pdf
2026-04-20,2026-07-01,PANW,Palo Alto Networks,Technology,BUY,100001,250000,PALO ALTO NETWORKS INC,1.0,980,Donald-J-Trump-06.25.2026-278T.pdf
2026-04-27,2026-07-01,PANW,Palo Alto Networks,Technology,BUY,100001,250000,PALO ALTO NETWORKS INC,1.0,981,Donald-J-Trump-06.25.2026-278T.pdf
2026-04-15,2026-07-01,PANW,Palo Alto Networks,Technology,BUY,15001,50000,PALO ALTO NETWORKS INC,1.0,982,Donald-J-Trump-06.25.2026-278T.pdf
2026-04-28,2026-07-01,PANW,Palo Alto Networks,Technology,BUY,1001,15000,PALO ALTO NETWORKS INC,1.0,983,Donald-J-Trump-06.25.2026-278T.pdf
2026-04-07,2026-07-01,PANW,Palo Alto Networks,Technology,BUY,1001,15000,PALO ALTO NETWORKS INC,1.0,984,Donald-J-Trump-06.25.2026-278T.pdf
2026-04-17,2026-07-01,PANW,Palo Alto Networks,Technology,SELL,1001,15000,PALO ALTO NETWORKS INC,1.0,985,Donald-J-Trump-06.25.2026-278T.pdf
2026-04-27,2026-07-01,PANW,Palo Alto Networks,Technology,BUY,15001,50000,Palo Alto Netwol1cs Inc,0.872,986,Donald-J-Trump-06.25.2026-278T.pdf
2026-04-27,2026-07-01,PANW,Palo Alto Networks,Technology,SELL,50001,100000,PALO ALTO NETWORKS INC,1.0,987,Donald-J-Trump-06.25.2026-278T.pdf
2026-04-27,2026-07-01,PARA,Paramount Global,Communication Services,SELL,15001,50000,PARAMOUNT SKYOANCE CORP COM CL CL B,0.909,988,Donald-J-Trump-06.25.2026-278T.pdf
2026-04-10,2026-07-01,PH,Parker-Hannifin Corporation,Industrials,BUY,15001,50000,PARKER HANNIFIN CORP,1.0,989,Donald-J-Trump-06.25.2026-278T.pdf
2026-04-08,2026-07-01,PH,Parker-Hannifin Corporation,Industrials,SELL,100001,250000,PARKER-HANNIFIN CORP,1.0,991,Donald-J-Trump-06.25.2026-278T.pdf
2026-04-30,2026-07-01,CASH,"Pathward Financial, Inc.",Financials,SELL,15001,50000,PATHWARO FINL INC,0.933,992,Donald-J-Trump-06.25.2026-278T.pdf
2026-04-15,2026-07-01,PAYX,Paychex,Industrials,BUY,15001,50000,PAYCHEX INC,1.0,993,Donald-J-Trump-06.25.2026-278T.pdf
2026-04-17,2026-07-01,PAYX,Paychex,Industrials,BUY,1001,15000,PAYCHEX INC,1.0,994,Donald-J-Trump-06.25.2026-278T.pdf
2026-04-10,2026-07-01,PAYX,Paychex,Industrials,SELL,15001,50000,PAYCHEX INC,1.0,995,Donald-J-Trump-06.25.2026-278T.pdf
2026-04-27,2026-07-01,PYPL,PayPal,Financials,BUY,50001,100000,PAYPAL HOLDINGS INC,1.0,998,Donald-J-Trump-06.25.2026-278T.pdf
2026-04-15,2026-07-01,PEP,PepsiCo,Consumer Staples,BUY,15001,50000,PEPSICO INC,1.0,1003,Donald-J-Trump-06.25.2026-278T.pdf
2026-04-15,2026-07-01,PEP,PepsiCo,Consumer Staples,BUY,1001,15000,PEPSICO INC,1.0,1004,Donald-J-Trump-06.25.2026-278T.pdf
2026-04-27,2026-07-01,PEP,PepsiCo,Consumer Staples,SELL,15001,50000,PEPSICO INC,1.0,1005,Donald-J-Trump-06.25.2026-278T.pdf
2026-04-30,2026-07-01,PCOR,"Procore Technologies, Inc.",Technology,SELL,1001,15000,PERDOCEO ED CORP,0.963,1006,Donald-J-Trump-06.25.2026-278T.pdf
2026-04-30,2026-07-01,PRGO,Perrigo Company plc,Healthcare,BUY,15001,50000,PERRIGO CO PLC F,0.96,1008,Donald-J-Trump-06.25.2026-278T.pdf
2026-04-15,2026-07-01,PFE,Pfizer,Healthcare,BUY,15001,50000,PFIZER INC,1.0,1009,Donald-J-Trump-06.25.2026-278T.pdf
2026-04-10,2026-07-01,PFE,Pfizer,Healthcare,SELL,1001,15000,PFIZER INC,1.0,1010,Donald-J-Trump-06.25.2026-278T.pdf
2026-04-27,2026-07-01,PCG,PG&E Corporation,Utilities,SELL,15001,50000,PG&E CORP,1.0,1011,Donald-J-Trump-06.25.2026-278T.pdf
2026-04-17,2026-07-01,PM,Philip Morris Intl,Consumer Staples,BUY,500001,1000000,PHILIP MORRIS INTL INC,1.0,1013,Donald-J-Trump-06.25.2026-278T.pdf
2026-04-15,2026-07-01,PM,Philip Morris Intl,Consumer Staples,BUY,1001,15000,PHILIP MORRIS INTL INC,1.0,1014,Donald-J-Trump-06.25.2026-278T.pdf
2026-04-28,2026-07-01,PM,Philip Morris Intl,Consumer Staples,SELL,1001,15000,PHILIP MORRIS INTL INC,1.0,1015,Donald-J-Trump-06.25.2026-278T.pdf
2026-04-17,2026-07-01,PM,Philip Morris Intl,Consumer Staples,SELL,1001,15000,PHILIP MORRIS INTL INC,1.0,1016,Donald-J-Trump-06.25.2026-278T.pdf
2026-04-27,2026-07-01,PM,Philip Morris Intl,Consumer Staples,BUY,15001,50000,PHILIP MORRIS INTL INC,1.0,1017,Donald-J-Trump-06.25.2026-278T.pdf
2026-04-15,2026-07-01,PSX,Phillips 66,Energy,BUY,1001,15000,PHILLIPS 66,1.0,1018,Donald-J-Trump-06.25.2026-278T.pdf
2026-04-27,2026-07-01,PSX,Phillips 66,Energy,BUY,1001,15000,PHILLIPS66,1.0,1019,Donald-J-Trump-06.25.2026-278T.pdf
2026-04-10,2026-07-01,PSX,Phillips 66,Energy,SELL,1001,15000,PHILLIPS66,1.0,1020,Donald-J-Trump-06.25.2026-278T.pdf
2026-04-10,2026-07-01,PNW,Pinnacle West,Utilities,SELL,1001,15000,PINNACLE WEST CAPITAL CORPORATION,0.868,1023,Donald-J-Trump-06.25.2026-278T.pdf
2026-04-30,2026-07-01,PJT,PJT Partners Inc.,Financials,BUY,15001,50000,PJT PARTNERS INC,1.0,1024,Donald-J-Trump-06.25.2026-278T.pdf
2026-04-10,2026-07-01,PNC,PNC Financial,Financials,SELL,50001,100000,PNC FINANCIAL SVCS GROUP INC,0.857,1025,Donald-J-Trump-06.25.2026-278T.pdf
2026-04-15,2026-07-01,PPG,"PPG Industries, Inc.",Materials,BUY,1001,15000,PPG INDUSTRIES INC,1.0,1026,Donald-J-Trump-06.25.2026-278T.pdf
2026-04-30,2026-07-01,PBH,Prestige Consumer Healthcare Inc.,Healthcare,BUY,50000,50000,PRESTIGE CONSUMER HEALTH,1.0,1027,Donald-J-Trump-06.25.2026-278T.pdf
2026-04-17,2026-07-01,TROW,T. Rowe Price,Financials,SELL,100001,250000,PRICE GROUP INC,0.839,1028,Donald-J-Trump-06.25.2026-278T.pdf
2026-04-27,2026-07-01,TROW,T. Rowe Price,Financials,SELL,15001,15001,PRICE T ROWE GROUP INC,1.0,1029,Donald-J-Trump-06.25.2026-278T.pdf
2026-04-30,2026-07-01,PRVA,"Privia Health Group, Inc.",Healthcare,BUY,15001,50000,PRMA HEALTH GROUP INC,0.895,1031,Donald-J-Trump-06.25.2026-278T.pdf
2026-04-15,2026-07-01,PG,Procter & Gamble,Consumer Staples,BUY,15001,50000,PROCTER & GAMBLE CO,1.0,1032,Donald-J-Trump-06.25.2026-278T.pdf
2026-04-28,2026-07-01,PG,Procter & Gamble,Consumer Staples,BUY,15001,50000,PROCTER & GAMBLE CO,1.0,1033,Donald-J-Trump-06.25.2026-278T.pdf
2026-04-27,2026-07-01,PG,Procter & Gamble,Consumer Staples,SELL,100,50001,PROCTER & GAMBLE CO,1.0,1034,Donald-J-Trump-06.25.2026-278T.pdf
2026-04-17,2026-07-01,PG,Procter & Gamble,Consumer Staples,SELL,1000001,5000000,PROCTER & GAMBLE COMPANY COM,0.93,1036,Donald-J-Trump-06.25.2026-278T.pdf
2026-04-30,2026-07-01,PRGS,Progress Software Corporation,Technology,BUY,15001,50000,PROGRESS SOFTWARE CORP,1.0,1037,Donald-J-Trump-06.25.2026-278T.pdf
2026-04-28,2026-07-01,PGR,Progressive,Financials,BUY,1001,15000,PROGRESSIVE CORP OH,1.0,1039,Donald-J-Trump-06.25.2026-278T.pdf
2026-04-17,2026-07-01,PGR,Progressive,Financials,SELL,1001,15000,PROGRESSIVE CORP OH,1.0,1040,Donald-J-Trump-06.25.2026-278T.pdf
2026-04-20,2026-07-01,PGR,Progressive,Financials,SELL,50001,100000,PROGRESSIVE CORP OH,1.0,1041,Donald-J-Trump-06.25.2026-278T.pdf
2026-04-10,2026-07-01,PGR,Progressive,Financials,BUY,1001,15000,PROGRESSIVE CORP-OHIO,1.0,1043,Donald-J-Trump-06.25.2026-278T.pdf
2026-04-27,2026-07-01,PGR,Progressive,Financials,BUY,100,250000,PROGRESSIVE CORP-OHIO,1.0,1044,Donald-J-Trump-06.25.2026-278T.pdf
2026-04-30,2026-07-01,PGNY,"Progyny, Inc.",Healthcare,SELL,15001,50000,PROGYNYINC,1.0,1045,Donald-J-Trump-06.25.2026-278T.pdf
2026-04-17,2026-07-01,PTC,PTC,Technology,BUY,1001,15000,PTCINC,1.0,1048,Donald-J-Trump-06.25.2026-278T.pdf
2026-04-17,2026-07-01,PTC,PTC,Technology,SELL,500001,1000000,PTCINC,1.0,1050,Donald-J-Trump-06.25.2026-278T.pdf
2026-04-30,2026-07-01,PTCT,"PTC Therapeutics, Inc.",Healthcare,SELL,50001,100000,PTC THERAPEUTICS INC,1.0,1051,Donald-J-Trump-06.25.2026-278T.pdf
2026-04-15,2026-07-01,PEG,Public Service Enterprise,Utilities,BUY,1001,15000,PUBLIC SERVICE ENTERPRISE GROUP INC,1.0,1052,Donald-J-Trump-06.25.2026-278T.pdf
2026-04-28,2026-07-01,PEG,Public Service Enterprise,Utilities,SELL,1001,15000,PUBLIC SVC ENTERPRISE GR,0.875,1054,Donald-J-Trump-06.25.2026-278T.pdf
2026-04-17,2026-07-01,PEG,Public Service Enterprise,Utilities,SELL,100001,250000,PUBLIC SVC ENTERPRISE GROUP INC,1.0,1055,Donald-J-Trump-06.25.2026-278T.pdf
2026-04-20,2026-07-01,QCOM,Qualcomm,Technology,SELL,15001,50000,QUALCOMM INC,1.0,1063,Donald-J-Trump-06.25.2026-278T.pdf
2026-04-27,2026-07-01,QCOM,Qualcomm,Technology,BUY,100001,250000,QUALCOMM INC,1.0,1064,Donald-J-Trump-06.25.2026-278T.pdf
2026-04-30,2026-07-01,QDEL,QuidelOrtho Corporation,Healthcare,SELL,15001,50000,QUIOELORTHO CORP,0.933,1067,Donald-J-Trump-06.25.2026-278T.pdf
2026-04-30,2026-07-01,RAL,Ralliant Corporation,Technology,SELL,50001,100000,RALLIANT CORP,1.0,1070,Donald-J-Trump-06.25.2026-278T.pdf
2026-04-27,2026-07-01,O,Realty Income Corporation,Real Estate,BUY,1001,15000,REALTY INCOME CORP,1.0,1071,Donald-J-Trump-06.25.2026-278T.pdf
2026-04-27,2026-07-01,REGN,Regeneron,Healthcare,BUY,15001,50000,REGENERON PHARMACEUTICALS INC,0.941,1075,Donald-J-Trump-06.25.2026-278T.pdf
2026-04-20,2026-07-01,RSG,Republic Services,Industrials,SELL,50001,100000,REPUBLIC SVCS INC,1.0,1079,Donald-J-Trump-06.25.2026-278T.pdf
2026-04-28,2026-07-01,RMD,ResMed,Healthcare,SELL,1001,15000,RESMEOINC,0.889,1080,Donald-J-Trump-06.25.2026-278T.pdf
2026-04-27,2026-07-01,RMD,ResMed,Healthcare,BUY,15001,50000,RESMEOINC,0.889,1081,Donald-J-Trump-06.25.2026-278T.pdf
2026-04-17,2026-07-01,ROL,"Rollins, Inc.",Consumer Discretionary,SELL,100001,250000,ROLLINS INC,1.0,1089,Donald-J-Trump-06.25.2026-278T.pdf
2026-04-15,2026-07-01,ROP,Roper Technologies,Technology,BUY,15001,50000,ROPER TECHNOLOGIES INC,1.0,1090,Donald-J-Trump-06.25.2026-278T.pdf
2026-04-15,2026-07-01,ROST,"Ross Stores, Inc.",Consumer Discretionary,BUY,1001,15000,ROSS STORES INC,1.0,1092,Donald-J-Trump-06.25.2026-278T.pdf
2026-04-28,2026-07-01,RCL,Royal Caribbean Cruises,Consumer Discretionary,SELL,1001,15000,ROYAL CARIBBEAN GROU F,0.947,1094,Donald-J-Trump-06.25.2026-278T.pdf
2026-04-27,2026-07-01,RCL,Royal Caribbean Cruises,Consumer Discretionary,SELL,1001,15000,ROYAL CARIBBEAN GROUP,1.0,1096,Donald-J-Trump-06.25.2026-278T.pdf
2026-04-07,2026-07-01,RPRX,Royalty Pharma,Healthcare,SELL,1001,15000,ROYALTY PHARMA PLC CL A,1.0,1097,Donald-J-Trump-06.25.2026-278T.pdf
2026-04-17,2026-07-01,RTX,RTX,Industrials,SELL,1001,15000,RlXCORP,0.857,1098,Donald-J-Trump-06.25.2026-278T.pdf
2026-04-30,2026-07-01,RHP,"Ryman Hospitality Properties, Inc.",Real Estate,BUY,15001,50000,RYMAN HOSPITALITY PPTYS REIT,0.913,1100,Donald-J-Trump-06.25.2026-278T.pdf
2026-04-17,2026-07-01,SPGI,S&P Global,Financials,BUY,1001,15000,S&P GLOBAL INC,1.0,1101,Donald-J-Trump-06.25.2026-278T.pdf
2026-04-17,2026-07-01,CRM,Salesforce,Technology,BUY,1001,15000,SALESFORCE INC,1.0,1102,Donald-J-Trump-06.25.2026-278T.pdf
2026-04-10,2026-07-01,CRM,Salesforce,Technology,SELL,15001,50000,SALESFORCE INC,1.0,1104,Donald-J-Trump-06.25.2026-278T.pdf
2026-04-15,2026-07-01,SNDK,Sandisk Corporation,Technology,BUY,1001,15000,SANOISK CORP,0.909,1105,Donald-J-Trump-06.25.2026-278T.pdf
2026-04-27,2026-07-01,SNDK,Sandisk Corporation,Technology,SELL,100001,250000,SANOISK CORP,0.909,1106,Donald-J-Trump-06.25.2026-278T.pdf
2026-04-10,2026-07-01,SNDK,Sandisk Corporation,Technology,SELL,1001,15000,SANOISK CORPORATION,0.944,1107,Donald-J-Trump-06.25.2026-278T.pdf
2026-04-17,2026-07-01,SBAC,SBA Communications Corporation,Real Estate,BUY,100001,250000,SBA COMMUNICATIONS CORP NEW CL A,0.875,1108,Donald-J-Trump-06.25.2026-278T.pdf
2026-04-30,2026-07-01,SCSC,"ScanSource, Inc.",Technology,BUY,15001,50000,SCANSOURCE INC,1.0,1109,Donald-J-Trump-06.25.2026-278T.pdf
2026-04-27,2026-07-01,STX,Seagate Technology Holdings plc,Technology,SELL,15001,50000,SEAGATE TECHNOLOGY HLDGS,0.9,1111,Donald-J-Trump-06.25.2026-278T.pdf
2026-04-15,2026-07-01,STX,Seagate Technology Holdings plc,Technology,BUY,1001,15000,SEAGATE TECHNOLOGY HOLDINGS PUBLIC LTD CO,1.0,1112,Donald-J-Trump-06.25.2026-278T.pdf
2026-04-15,2026-07-01,SRE,Sempra,Utilities,BUY,1001,15000,SEMPRA,1.0,1114,Donald-J-Trump-06.25.2026-278T.pdf
2026-04-27,2026-07-01,NOW,ServiceNow,Technology,BUY,100001,250000,SERVICENOW INC,1.0,1115,Donald-J-Trump-06.25.2026-278T.pdf
2026-04-28,2026-07-01,NOW,ServiceNow,Technology,SELL,1001,15000,SERVICENOW INC,1.0,1116,Donald-J-Trump-06.25.2026-278T.pdf
2026-04-17,2026-07-01,NOW,ServiceNow,Technology,SELL,1000001,5000000,SERVICENOW INC COM,0.897,1118,Donald-J-Trump-06.25.2026-278T.pdf
2026-04-30,2026-07-01,SFBS,"ServisFirst Bancshares, Inc.",Financials,BUY,15001,50000,SERVISFIRST BANCSHARES I,1.0,1119,Donald-J-Trump-06.25.2026-278T.pdf
2026-04-10,2026-07-01,SHW,Sherwin-Williams,Materials,BUY,50001,100000,SHERWIN WILLIAMS CO,1.0,1121,Donald-J-Trump-06.25.2026-278T.pdf
2026-04-27,2026-07-01,SPG,Simon Property Group,Real Estate,BUY,1001,15000,SIMON PROPERTY GROUP INC,1.0,1125,Donald-J-Trump-06.25.2026-278T.pdf
2026-04-30,2026-07-01,SMPL,The Simply Good Foods Company,Consumer Staples,SELL,15001,50000,SIMPLY GOOD FOODS CO,1.0,1126,Donald-J-Trump-06.25.2026-278T.pdf
2026-04-15,2026-07-01,TSLX,"Sixth Street Specialty Lending, Inc.",Financials,BUY,50001,100000,SIXTH STREET SPECIALTY LENDING INC,1.0,1127,Donald-J-Trump-06.25.2026-278T.pdf
2026-04-10,2026-07-01,SWKS,Skyworks Solutions,Technology,BUY,15001,50000,SKYWORKS SOLUTIONS INC,1.0,1129,Donald-J-Trump-06.25.2026-278T.pdf
2026-04-17,2026-07-01,SW,Smurfit Westrock,Materials,BUY,1001,15000,SMURFIT WESTROCK PLC F,1.0,1135,Donald-J-Trump-06.25.2026-278T.pdf
2026-04-28,2026-07-01,SW,Smurfit Westrock,Materials,SELL,1001,15000,SMURFIT WESTROCK PLC F,1.0,1136,Donald-J-Trump-06.25.2026-278T.pdf
2026-04-27,2026-07-01,SNOW,Snowflake,Technology,BUY,1001,15000,Snowflake Inc,1.0,1137,Donald-J-Trump-06.25.2026-278T.pdf
2026-04-28,2026-07-01,SO,Southern Co,Utilities,SELL,1001,15000,SOUTHERN CO,1.0,1140,Donald-J-Trump-06.25.2026-278T.pdf
2026-04-17,2026-07-01,SO,Southern Co,Utilities,SELL,1001,15000,SOUTHERN CO,1.0,1141,Donald-J-Trump-06.25.2026-278T.pdf
2026-04-27,2026-07-01,SO,Southern Co,Utilities,BUY,1001,15000,SOUTHERN CO,1.0,1142,Donald-J-Trump-06.25.2026-278T.pdf
2026-04-17,2026-07-01,SO,Southern Co,Utilities,SELL,250001,500000,SOUTHERN CO COM,0.87,1143,Donald-J-Trump-06.25.2026-278T.pdf
2026-04-15,2026-07-01,SO,Southern Co,Utilities,BUY,1001,15000,SOUTHERN COMPANY,1.0,1144,Donald-J-Trump-06.25.2026-278T.pdf
2026-04-28,2026-07-01,SARO,"StandardAero, Inc.",Industrials,BUY,1001,15000,STANDARDAERO INC,1.0,1150,Donald-J-Trump-06.25.2026-278T.pdf
2026-04-20,2026-07-01,SARO,"StandardAero, Inc.",Industrials,SELL,15001,50000,STANDARDAERO INC,1.0,1151,Donald-J-Trump-06.25.2026-278T.pdf
2026-04-15,2026-07-01,SBUX,Starbucks,Consumer Discretionary,BUY,15001,50000,STARBUCKS CORP,1.0,1152,Donald-J-Trump-06.25.2026-278T.pdf
2026-04-07,2026-07-01,SBUX,Starbucks,Consumer Discretionary,BUY,1001,15000,STARBUCKS CORP,1.0,1153,Donald-J-Trump-06.25.2026-278T.pdf
2026-04-15,2026-07-01,SBUX,Starbucks,Consumer Discretionary,BUY,1001,15000,STARBUCKS CORP,1.0,1154,Donald-J-Trump-06.25.2026-278T.pdf
2026-04-10,2026-07-01,SBUX,Starbucks,Consumer Discretionary,SELL,50001,100000,STARBUCKS CORP,1.0,1155,Donald-J-Trump-06.25.2026-278T.pdf
2026-04-10,2026-07-01,XLP,Consumer Staples Select SPDR,ETF — Sector,BUY,50001,100000,STATE STREET CONSUMER STAPLES SELECT SECTOR SPOR ETF,0.978,1156,Donald-J-Trump-06.25.2026-278T.pdf
2026-04-10,2026-07-01,STT,State Street,Financials,BUY,15001,50000,STATE STREET CORP I,0.968,1157,Donald-J-Trump-06.25.2026-278T.pdf
2026-04-30,2026-07-01,LRN,"Stride, Inc.",Consumer Staples,BUY,15001,50000,STRIDE INC,1.0,1159,Donald-J-Trump-06.25.2026-278T.pdf
2026-04-28,2026-07-01,SYK,Stryker,Healthcare,SELL,1001,15000,STRYKER CORP,1.0,1161,Donald-J-Trump-06.25.2026-278T.pdf
2026-04-30,2026-07-01,SNCY,Sun Country Airlines,Industrials,SELL,15001,50000,SUN CTRY AIRLS HLDGS INC,1.0,1164,Donald-J-Trump-06.25.2026-278T.pdf
2026-04-10,2026-07-01,SMCI,Super Micro Computer,Technology,BUY,1001,15000,SUPER MICRO COMPUTER INC,1.0,1166,Donald-J-Trump-06.25.2026-278T.pdf
2026-04-07,2026-07-01,SMCI,Super Micro Computer,Technology,SELL,1001,15000,SUPER MICRO COMPUTER INC,1.0,1167,Donald-J-Trump-06.25.2026-278T.pdf
2026-04-30,2026-07-01,SLVM,Sylvamo Corporation,Materials,SELL,15001,15001,SYLVAMO CORP,1.0,1170,Donald-J-Trump-06.25.2026-278T.pdf
2026-04-27,2026-07-01,SNPS,Synopsys,Technology,BUY,100001,250000,SYNOPSYS INC,1.0,1173,Donald-J-Trump-06.25.2026-278T.pdf
2026-04-09,2026-07-01,SNPS,Synopsys,Technology,SELL,100001,250000,SYNOPSYS INC,1.0,1174,Donald-J-Trump-06.25.2026-278T.pdf
2026-04-17,2026-07-01,SYY,Sysco,Consumer Staples,SELL,1001,15000,SYSCO CORP,1.0,1175,Donald-J-Trump-06.25.2026-278T.pdf
2026-04-10,2026-07-01,SYY,Sysco,Consumer Staples,SELL,15001,50000,SYSCO CORP,1.0,1176,Donald-J-Trump-06.25.2026-278T.pdf
2026-04-27,2026-07-01,SYY,Sysco,Consumer Staples,BUY,15001,50000,SYSCO CORP,1.0,1177,Donald-J-Trump-06.25.2026-278T.pdf
2026-04-10,2026-07-01,TMUS,T-Mobile US,Communication Services,SELL,15001,50000,T MOBILE US INC,1.0,1179,Donald-J-Trump-06.25.2026-278T.pdf
2026-04-28,2026-07-01,TMUS,T-Mobile US,Communication Services,SELL,1001,15000,T-MOBILE US INC,1.0,1180,Donald-J-Trump-06.25.2026-278T.pdf
2026-04-10,2026-07-01,TTWO,"Take-Two Interactive Software, Inc.",Communication Services,BUY,50001,100000,TAKE TWO INTERACTIVE SOFTWARE INC,1.0,1183,Donald-J-Trump-06.25.2026-278T.pdf
2026-04-07,2026-07-01,TTWO,"Take-Two Interactive Software, Inc.",Communication Services,SELL,1001,15000,TAKE-TWO INTERACTIVE SOFTWARE INC,1.0,1184,Donald-J-Trump-06.25.2026-278T.pdf
2026-04-17,2026-07-01,TRGP,Targa Resources Corp.,Energy,BUY,250,100001,TARGA RES CORP I,0.96,1186,Donald-J-Trump-06.25.2026-278T.pdf
2026-04-15,2026-07-01,TGT,Target,Consumer Staples,BUY,1001,1001,TARGET CORP,1.0,1187,Donald-J-Trump-06.25.2026-278T.pdf
2026-04-10,2026-07-01,TGT,Target,Consumer Staples,SELL,1001,15000,TARGET CORP,1.0,1188,Donald-J-Trump-06.25.2026-278T.pdf
2026-04-10,2026-07-01,TEL,TE Connectivity plc,Technology,BUY,100001,250000,TE CONNECTIVITY PLC,1.0,1190,Donald-J-Trump-06.25.2026-278T.pdf
2026-04-27,2026-07-01,TEL,TE Connectivity plc,Technology,SELL,50001,100000,TE CONNECTIVITY PLC,1.0,1191,Donald-J-Trump-06.25.2026-278T.pdf
2026-04-27,2026-07-01,TDY,Teledyne Technologies,Technology,SELL,1001,15000,TELEDYNE TECHNOLOGIES INC,1.0,1192,Donald-J-Trump-06.25.2026-278T.pdf
2026-04-15,2026-07-01,TER,Teradyne,Technology,BUY,1001,15000,TERADYNEINC,1.0,1193,Donald-J-Trump-06.25.2026-278T.pdf
2026-04-28,2026-07-01,TER,Teradyne,Technology,SELL,1001,15000,TERADYNE INC,1.0,1194,Donald-J-Trump-06.25.2026-278T.pdf
2026-04-09,2026-07-01,TER,Teradyne,Technology,SELL,100001,250000,TERADYNEINC,1.0,1195,Donald-J-Trump-06.25.2026-278T.pdf
2026-04-07,2026-07-01,TSLA,Tesla,Consumer Discretionary,SELL,1001,15000,TESLA INC,1.0,1196,Donald-J-Trump-06.25.2026-278T.pdf
2026-04-20,2026-07-01,TSLA,Tesla,Consumer Discretionary,SELL,15001,50000,TESLA INC,1.0,1197,Donald-J-Trump-06.25.2026-278T.pdf
2026-04-27,2026-07-01,TSLA,Tesla,Consumer Discretionary,BUY,100001,250000,Tesla Inc,1.0,1199,Donald-J-Trump-06.25.2026-278T.pdf
2026-04-10,2026-07-01,TSLA,Tesla,Consumer Discretionary,BUY,50001,100000,TESLA INC,1.0,1200,Donald-J-Trump-06.25.2026-278T.pdf
2026-04-27,2026-07-01,TSLA,Tesla,Consumer Discretionary,BUY,15001,50000,TESLA INC 1. .,0.941,1201,Donald-J-Trump-06.25.2026-278T.pdf
2026-04-28,2026-07-01,TXN,Texas Instruments,Technology,BUY,1001,15000,TEXASINSTRSINC,1.0,1202,Donald-J-Trump-06.25.2026-278T.pdf
2026-04-27,2026-07-01,TXN,Texas Instruments,Technology,SELL,100001,250000,TEXAS INSTRUMENTS,1.0,1203,Donald-J-Trump-06.25.2026-278T.pdf
2026-04-10,2026-07-01,TPL,Texas Pacific Land Corporation,Energy,SELL,1001,15000,TEXAS PACIFIC LAND CORPORATION,1.0,1205,Donald-J-Trump-06.25.2026-278T.pdf
2026-04-17,2026-07-01,TPL,Texas Pacific Land Corporation,Energy,BUY,50001,100000,TEXAS PACIFIC LAND CORPORATION COM,0.947,1206,Donald-J-Trump-06.25.2026-278T.pdf
2026-04-17,2026-07-01,CPB,The Campbell's Company,Consumer Staples,BUY,100001,250000,THE CAMPBELL'S COMPANY,1.0,1208,Donald-J-Trump-06.25.2026-278T.pdf
2026-04-28,2026-07-01,CI,The Cigna Group,Healthcare,BUY,1001,15000,THE CIGNA GROUP,1.0,1210,Donald-J-Trump-06.25.2026-278T.pdf
2026-04-27,2026-07-01,CI,The Cigna Group,Healthcare,BUY,15001,50000,THE CIGNA GROUP $0.04,0.897,1211,Donald-J-Trump-06.25.2026-278T.pdf
2026-04-17,2026-07-01,KO,Coca-Cola,Consumer Staples,BUY,1001,15000,THE COCA-COLA CO,1.0,1212,Donald-J-Trump-06.25.2026-278T.pdf
2026-04-27,2026-07-01,TTD,The Trade Desk,Technology,SELL,50001,100000,THE TRADE DESK INC CL A,0.909,1214,Donald-J-Trump-06.25.2026-278T.pdf
2026-04-27,2026-07-01,TRV,"The Travelers Companies, Inc.",Financials,SELL,1001,15000,THE TRAVELERS COMPANIES INC,1.0,1219,Donald-J-Trump-06.25.2026-278T.pdf
2026-04-17,2026-07-01,TMO,Thermo Fisher Scientific Inc.,Healthcare,BUY,1001,15000,THERMO FISHER SCIENTIFIC,1.0,1220,Donald-J-Trump-06.25.2026-278T.pdf
2026-04-28,2026-07-01,TOL,Toll Brothers,Consumer Discretionary,SELL,1001,15000,TOLL BROS INC,1.0,1224,Donald-J-Trump-06.25.2026-278T.pdf
2026-04-17,2026-07-01,TSCO,Tractor Supply,Consumer Discretionary,SELL,1001,15000,TRACTOR SUPPLY CO,1.0,1225,Donald-J-Trump-06.25.2026-278T.pdf
2026-04-07,2026-07-01,TSCO,Tractor Supply,Consumer Discretionary,SELL,1001,15000,TRACTOR SUPPLY CO,1.0,1226,Donald-J-Trump-06.25.2026-278T.pdf
2026-04-10,2026-07-01,TTD,The Trade Desk,Technology,BUY,50001,100000,TRADE DESK INC,1.0,1227,Donald-J-Trump-06.25.2026-278T.pdf
2026-04-10,2026-07-01,TT,Trane Technologies,Industrials,BUY,100001,250000,TRANE TECHNOLOGIES PLC,1.0,1228,Donald-J-Trump-06.25.2026-278T.pdf
2026-04-20,2026-07-01,TDG,TransDigm,Industrials,BUY,100001,250000,TRANSDIGM GROUP INC,1.0,1229,Donald-J-Trump-06.25.2026-278T.pdf
2026-04-28,2026-07-01,TDG,TransDigm,Industrials,BUY,1001,15000,TRANSDIGM GROUP INC,1.0,1230,Donald-J-Trump-06.25.2026-278T.pdf
2026-04-30,2026-07-01,TRUP,"Trupanion, Inc.",Financials,SELL,15001,50000,TRUPANION INC,1.0,1236,Donald-J-Trump-06.25.2026-278T.pdf
2026-04-27,2026-07-01,TYL,Tyler Technologies,Technology,SELL,15001,50000,TYLER TECHNOLOGIES INC,1.0,1238,Donald-J-Trump-06.25.2026-278T.pdf
2026-04-10,2026-07-01,TSN,"Tyson Foods, Inc.",Consumer Staples,SELL,50001,100000,TYSON FOODS INC,1.0,1239,Donald-J-Trump-06.25.2026-278T.pdf
2026-04-27,2026-07-01,UBER,Uber,Industrials,BUY,100001,250000,UBER TECHNOLOGIES INC,1.0,1241,Donald-J-Trump-06.25.2026-278T.pdf
2026-04-27,2026-07-01,UBER,Uber,Industrials,BUY,15001,50000,Ubor Technolooies Inc Com,0.829,1242,Donald-J-Trump-06.25.2026-278T.pdf
2026-04-27,2026-07-01,UDR,UDR,Real Estate,SELL,1001,15000,UDR INC,1.0,1243,Donald-J-Trump-06.25.2026-278T.pdf
2026-04-30,2026-07-01,UFPT,"UFP Technologies, Inc.",Healthcare,BUY,15001,50000,UFP TECHNOLOGIES INC,1.0,1245,Donald-J-Trump-06.25.2026-278T.pdf
2026-04-30,2026-07-01,UNF,UniFirst,Industrials,SELL,15001,50000,UNIFIRST CORP MASS,1.0,1248,Donald-J-Trump-06.25.2026-278T.pdf
2026-04-27,2026-07-01,UNP,Union Pacific,Industrials,BUY,100001,250000,UNION PACIFIC CORP,1.0,1249,Donald-J-Trump-06.25.2026-278T.pdf
2026-04-27,2026-07-01,UAL,"United Airlines Holdings, Inc.",Industrials,SELL,15001,50000,UNITED AIRLINES HOLDINGS INC,1.0,1251,Donald-J-Trump-06.25.2026-278T.pdf
2026-04-27,2026-07-01,UPS,United Parcel Service,Industrials,SELL,1001,15000,UNITED PARCEL SVC INC CL B,0.933,1254,Donald-J-Trump-06.25.2026-278T.pdf
2026-04-27,2026-07-01,URI,United Rentals,Industrials,BUY,50001,100000,UNITED RENTALS INC,1.0,1256,Donald-J-Trump-06.25.2026-278T.pdf
2026-04-15,2026-07-01,UNH,UnitedHealth,Healthcare,BUY,15001,50000,UNITEDHEALTH GROUP INC,1.0,1260,Donald-J-Trump-06.25.2026-278T.pdf
2026-04-28,2026-07-01,UNH,UnitedHealth,Healthcare,BUY,1001,15000,UNITEDHEALTH GROUP INC,1.0,1261,Donald-J-Trump-06.25.2026-278T.pdf
2026-04-27,2026-07-01,UNH,UnitedHealth,Healthcare,BUY,250001,500000,UNITEOHEALTH GROUP INC I,0.927,1262,Donald-J-Trump-06.25.2026-278T.pdf
2026-04-27,2026-07-01,UNH,UnitedHealth,Healthcare,BUY,15001,50000,UNITEDHEALTH GROUP INC,1.0,1263,Donald-J-Trump-06.25.2026-278T.pdf
2026-04-30,2026-07-01,UVV,Universal Corp (Virginia),Consumer Staples,SELL,1001,15000,UNIVERSAL CORP VA,1.0,1266,Donald-J-Trump-06.25.2026-278T.pdf
2026-04-30,2026-07-01,UPBD,"Upbound Group, Inc.",Technology,BUY,15001,50000,UPBOUND GROUP INC,1.0,1268,Donald-J-Trump-06.25.2026-278T.pdf
2026-04-30,2026-07-01,UPWK,Upwork Inc.,Communication Services,SELL,1001,15000,UPWORKINC,1.0,1269,Donald-J-Trump-06.25.2026-278T.pdf
2026-04-10,2026-07-01,USB,U.S. Bancorp,Financials,BUY,50001,100000,US BANCORP DEL,0.857,1270,Donald-J-Trump-06.25.2026-278T.pdf
2026-04-17,2026-07-01,VLO,Valero Energy Corporation,Energy,SELL,1001,15000,VALERO ENERGY CORP NEW,0.914,1272,Donald-J-Trump-06.25.2026-278T.pdf
2026-04-27,2026-07-01,VOO,Vanguard S&P 500 ETF,ETF — Broad,SELL,1000001,1000001,VANGUARD S&P 500 ETF,1.0,1273,Donald-J-Trump-06.25.2026-278T.pdf
2026-04-09,2026-07-01,VOO,Vanguard S&P 500 ETF,ETF — Broad,SELL,1000001,5000000,VANGUARD S&P 500 ETF,1.0,1274,Donald-J-Trump-06.25.2026-278T.pdf
2026-04-27,2026-07-01,VTR,"Ventas, Inc.",Real Estate,SELL,1001,15000,VENTAS INC,1.0,1278,Donald-J-Trump-06.25.2026-278T.pdf
2026-04-28,2026-07-01,VLTO,Veralto Corporation,Industrials,SELL,1001,15000,VERALTO CORP,1.0,1279,Donald-J-Trump-06.25.2026-278T.pdf
2026-04-27,2026-07-01,VLTO,Veralto Corporation,Industrials,SELL,15001,50000,VERALTO CORPORATION,1.0,1280,Donald-J-Trump-06.25.2026-278T.pdf
2026-04-10,2026-07-01,VLTO,Veralto Corporation,Industrials,BUY,15001,50000,VERALTO CORPORATION,1.0,1281,Donald-J-Trump-06.25.2026-278T.pdf
2026-04-30,2026-07-01,VCEL,Vericel Corporation,Healthcare,BUY,15001,50000,VERICEL CORP,1.0,1282,Donald-J-Trump-06.25.2026-278T.pdf
2026-04-15,2026-07-01,VRSN,Verisign,Technology,BUY,1001,15000,VERlSIGN INC,0.909,1284,Donald-J-Trump-06.25.2026-278T.pdf
2026-04-10,2026-07-01,VRSN,Verisign,Technology,BUY,50001,100000,VERISIGN INC,1.0,1285,Donald-J-Trump-06.25.2026-278T.pdf
2026-04-17,2026-07-01,VRSK,Verisk Analytics,Industrials,SELL,1001,1001,VERISK ANALYTICS INC CLASS A,0.857,1286,Donald-J-Trump-06.25.2026-278T.pdf
2026-04-20,2026-07-01,VRSK,Verisk Analytics,Industrials,SELL,15001,50000,VERISK ANALYTICS INC Cl.ASS A,0.857,1287,Donald-J-Trump-06.25.2026-278T.pdf
2026-04-17,2026-07-01,VZ,Verizon,Communication Services,BUY,1001,15000,VERIZON COMMUNICATIONS I,1.0,1289,Donald-J-Trump-06.25.2026-278T.pdf
2026-04-28,2026-07-01,VZ,Verizon,Communication Services,SELL,1001,15000,VERIZON COMMUNICATIONS I,1.0,1290,Donald-J-Trump-06.25.2026-278T.pdf
2026-04-20,2026-07-01,VZ,Verizon,Communication Services,SELL,50001,100000,VERIZON COMMUNICATIONS I,1.0,1291,Donald-J-Trump-06.25.2026-278T.pdf
2026-04-28,2026-07-01,VRTX,Vertex Pharmaceuticals Incorporated,Healthcare,SELL,1001,15000,VERTEX PHARMACEUTICALS I,1.0,1296,Donald-J-Trump-06.25.2026-278T.pdf
2026-04-27,2026-07-01,VRTX,Vertex Pharmaceuticals Incorporated,Healthcare,SELL,15001,50000,VERTEX PHARMACEUTICALS INC,1.0,1298,Donald-J-Trump-06.25.2026-278T.pdf
2026-04-30,2026-07-01,VRTS,Virtus Investment Partners,Financials,BUY,15001,50000,VIRTUS INVT PARTNERS INC,1.0,1302,Donald-J-Trump-06.25.2026-278T.pdf
2026-04-10,2026-07-01,V,Visa,Financials,SELL,250001,500000,VISAINC,1.0,1303,Donald-J-Trump-06.25.2026-278T.pdf
2026-04-27,2026-07-01,V,Visa,Financials,BUY,15001,50000,VISA INC CL A,0.824,1304,Donald-J-Trump-06.25.2026-278T.pdf
2026-04-27,2026-07-01,V,Visa,Financials,SELL,1001,1001,VISA INC CL A,0.824,1305,Donald-J-Trump-06.25.2026-278T.pdf
2026-04-28,2026-07-01,VST,Vistra,Utilities,BUY,1001,15000,VISTRACORP,1.0,1311,Donald-J-Trump-06.25.2026-278T.pdf
2026-04-10,2026-07-01,VST,Vistra,Utilities,SELL,15001,50000,VISTRACORP,1.0,1312,Donald-J-Trump-06.25.2026-278T.pdf
2026-04-20,2026-07-01,VST,Vistra,Utilities,SELL,50001,100000,VISTRACORP,1.0,1313,Donald-J-Trump-06.25.2026-278T.pdf
2026-04-30,2026-07-01,VITL,"Vital Farms, Inc.",Consumer Staples,SELL,1001,1001,• VITAL FARMS INC,1.0,1314,Donald-J-Trump-06.25.2026-278T.pdf
2026-04-30,2026-07-01,VSEC,VSE Corporation,Industrials,SELL,15001,50000,VSECORP,1.0,1316,Donald-J-Trump-06.25.2026-278T.pdf
2026-04-10,2026-07-01,WAB,Wabtec,Industrials,BUY,1001,15000,WABTECCORP,1.0,1320,Donald-J-Trump-06.25.2026-278T.pdf
2026-04-27,2026-07-01,WAB,Wabtec,Industrials,BUY,1001,15000,WABTECCORP,1.0,1321,Donald-J-Trump-06.25.2026-278T.pdf
2026-04-15,2026-07-01,WMT,Walmart,Consumer Staples,BUY,15001,50000,WALMARTINC,1.0,1322,Donald-J-Trump-06.25.2026-278T.pdf
2026-04-10,2026-07-01,WMT,Walmart,Consumer Staples,SELL,1001,15000,WALMARTINC,1.0,1323,Donald-J-Trump-06.25.2026-278T.pdf
2026-04-27,2026-07-01,WBD,"Warner Bros. Discovery, Inc.",Communication Services,SELL,15001,50000,WARNER BROS DISCOVERY INC,1.0,1324,Donald-J-Trump-06.25.2026-278T.pdf
2026-04-27,2026-07-01,WBD,"Warner Bros. Discovery, Inc.",Communication Services,SELL,50001,100000,WARNER BROS DISCOVERY INC,1.0,1325,Donald-J-Trump-06.25.2026-278T.pdf
2026-04-15,2026-07-01,WBD,"Warner Bros. Discovery, Inc.",Communication Services,BUY,1001,15000,WARNER BROS DISCOVERY INC SER A,0.917,1326,Donald-J-Trump-06.25.2026-278T.pdf
2026-04-27,2026-07-01,WM,Waste Management,Industrials,BUY,50001,100000,WASTE MANAGEMENT INC,1.0,1328,Donald-J-Trump-06.25.2026-278T.pdf
2026-04-20,2026-07-01,WM,Waste Management,Industrials,SELL,15001,50000,WASTE MGMT INC DEL,1.0,1329,Donald-J-Trump-06.25.2026-278T.pdf
2026-04-15,2026-07-01,WAT,Waters,Healthcare,BUY,1001,15000,WATERS CORP,1.0,1330,Donald-J-Trump-06.25.2026-278T.pdf
2026-04-30,2026-07-01,WAY,Waystar Holding,Healthcare,BUY,15001,50000,WAYSTAR HLDG CORP,1.0,1331,Donald-J-Trump-06.25.2026-278T.pdf
2026-04-30,2026-07-01,WDFC,WD-40 Company,Materials,SELL,15001,50000,WD40CO,1.0,1332,Donald-J-Trump-06.25.2026-278T.pdf
2026-04-15,2026-07-01,WEC,WEC Energy Group,Utilities,BUY,1001,15000,WEC ENERGY GROUP INC,1.0,1333,Donald-J-Trump-06.25.2026-278T.pdf
2026-04-20,2026-07-01,WFC,Wells Fargo,Financials,SELL,50001,100000,WELLS FARGO & CO,1.0,1334,Donald-J-Trump-06.25.2026-278T.pdf
2026-04-27,2026-07-01,WFC,Wells Fargo,Financials,SELL,250001,500000,WELLS FARGO & CO,1.0,1335,Donald-J-Trump-06.25.2026-278T.pdf
2026-04-10,2026-07-01,WFC,Wells Fargo,Financials,BUY,250001,500000,WELLS FARGO & CO,1.0,1336,Donald-J-Trump-06.25.2026-278T.pdf
2026-04-27,2026-07-01,WELL,Welltower,Real Estate,BUY,50001,100000,WELLTOWER INC REIT,1.0,1338,Donald-J-Trump-06.25.2026-278T.pdf
2026-04-15,2026-07-01,WDC,Western Digital Corporation,Technology,BUY,1001,15000,WESTERN DIGITAL CORP,0.837,1339,Donald-J-Trump-06.25.2026-278T.pdf
2026-04-27,2026-07-01,WY,Weyerhaeuser Company,Real Estate,SELL,15001,50000,WEYERHAEUSER CO,1.0,1341,Donald-J-Trump-06.25.2026-278T.pdf
2026-04-20,2026-07-01,WHR,Whirlpool Corporation,Consumer Discretionary,SELL,15001,50000,WHIRLPOOL CORP,1.0,1342,Donald-J-Trump-06.25.2026-278T.pdf
2026-04-27,2026-07-01,WMB,"The Williams Companies, Inc.",Energy,SELL,15001,50000,WILLIAMS COMPANIES INC,0.824,1343,Donald-J-Trump-06.25.2026-278T.pdf
2026-04-27,2026-07-01,WSM,"Williams-Sonoma, Inc.",Consumer Discretionary,SELL,15001,50000,WILLIAMS SONOMA INC,1.0,1344,Donald-J-Trump-06.25.2026-278T.pdf
2026-04-10,2026-07-01,WSM,"Williams-Sonoma, Inc.",Consumer Discretionary,BUY,15001,50000,WILLIAMS SONOMA INC,1.0,1345,Donald-J-Trump-06.25.2026-278T.pdf
2026-04-10,2026-07-01,WTW,Willis Towers Watson Public Limited Company,Financials,BUY,15001,50000,WILLIS TOWERS WATSON PUBLIC LIMITED COMPANY,1.0,1346,Donald-J-Trump-06.25.2026-278T.pdf
2026-04-30,2026-07-01,WGO,"Winnebago Industries, Inc.",Consumer Discretionary,BUY,15001,50000,WINNEBAGO IND$ INC N,0.938,1349,Donald-J-Trump-06.25.2026-278T.pdf
2026-04-30,2026-07-01,WWW,"Wolverine World Wide, Inc.",Consumer Discretionary,SELL,15001,50000,WOLVERINE WORLD WIDE INC,1.0,1350,Donald-J-Trump-06.25.2026-278T.pdf
2026-04-27,2026-07-01,WDAY,Workday,Technology,SELL,50001,100000,WORKDAY INC CL A,0.87,1352,Donald-J-Trump-06.25.2026-278T.pdf
2026-04-30,2026-07-01,WRLD,World Acceptance,Financials,SELL,1001,15000,WORLD ACCEP CORPS C NEW,0.914,1356,Donald-J-Trump-06.25.2026-278T.pdf
2026-04-27,2026-07-01,WDC,Western Digital Corporation,Technology,SELL,50001,100000,WSTN DIGITAL CORP,1.0,1359,Donald-J-Trump-06.25.2026-278T.pdf
2026-04-10,2026-07-01,WYNN,"Wynn Resorts, Limited",Consumer Discretionary,SELL,1001,15000,WYNN RESORTS LTD,1.0,1360,Donald-J-Trump-06.25.2026-278T.pdf
2026-04-15,2026-07-01,XEL,Xcel Energy,Utilities,BUY,1001,15000,XCEL ENERGY INC,1.0,1361,Donald-J-Trump-06.25.2026-278T.pdf
2026-04-27,2026-07-01,XEL,Xcel Energy,Utilities,BUY,1001,15000,"XCEL ENERGY INC , ..",1.0,1362,Donald-J-Trump-06.25.2026-278T.pdf
2026-04-27,2026-07-01,YUM,"Yum! Brands, Inc.",Consumer Discretionary,SELL,1001,15000,YUM BRANDS INC,1.0,1363,Donald-J-Trump-06.25.2026-278T.pdf
2026-04-27,2026-07-01,ZBRA,Zebra Technologies,Technology,SELL,1001,15000,ZEBRA TECHNOLOGIES CORP,1.0,1364,Donald-J-Trump-06.25.2026-278T.pdf
2026-04-27,2026-07-01,ZBRA,Zebra Technologies,Technology,SELL,50001,100000,ZEBRA TECHNOLOGIES CORP CL A,0.933,1365,Donald-J-Trump-06.25.2026-278T.pdf
2026-04-13,2026-07-01,ZD,"Ziff Davis, Inc.",Communication Services,BUY,15001,50000,ZIFF DAVIS INC,1.0,1366,Donald-J-Trump-06.25.2026-278T.pdf
2026-04-10,2026-07-01,ZTS,Zoetis,Healthcare,BUY,50001,100000,ZOETIS INC CL A,0.857,1369,Donald-J-Trump-06.25.2026-278T.pdf
2026-04-07,2026-07-01,ZM,Zoom,Technology,SELL,1001,15000,ZOOM COMMUNICATIONS INC CL A,0.933,1372,Donald-J-Trump-06.25.2026-278T.pdf
2026-04-20,2026-07-01,ZS,Zscaler,Technology,BUY,50001,100000,ZSCALERINC,1.0,1373,Donald-J-Trump-06.25.2026-278T.pdf
2026-04-15,2026-07-01,ZS,Zscaler,Technology,BUY,15001,50000,ZSCALERINC,1.0,1374,Donald-J-Trump-06.25.2026-278T.pdf
2025-05-13,2026-03-04,HBAN,Huntington Bancshares,Financials,BUY,100001,250000,HUNTINGTON BANCSHARES INC Tl 4.4500%,0.868,73,Donald_J._Trump_2.26.2026_278-T_1_.pdf
2025-05-09,2026-03-04,BAC,Bank of America Corporation,Financials,BUY,15001,50000,BANK OF AMERICA CORPORATION -BACol,0.906,91,Donald_J._Trump_2.26.2026_278-T_1_.pdf
2025-05-08,2026-03-04,BK,BNY Mellon,Financials,BUY,100001,250000,BANK NEW YORK MELLON CORP PE 3.7500%,0.833,125,Donald_J._Trump_2.26.2026_278-T_1_.pdf
